Text, Type
1990,  DATE
2006,  DATE
  EBewA,  ORGANIZATION
2008,  DATE
2009,  DATE
  MarkenG,  ORGANIZATION
  BGH,  ORGANIZATION
  GRUR,  ORGANIZATION
  BGH,  ORGANIZATION
  SGB,  ORGANIZATION
  FG,  ORGANIZATION
  Senat,  ORGANIZATION
  BVerwG,  ORGANIZATION
  BVerwG,  ORGANIZATION
  BVerwGE,  ORGANIZATION
  f\u00fcnf,  QUANTITY
  englische,  OTHER
  englischen,  OTHER
65,  QUANTITY
  Dortmund,  ORGANIZATION
  Juni,  DATE
2017,  DATE
  deutscher,  OTHER
  Bundesverfassungsgericht,  ORGANIZATION
  BVerfGE,  ORGANIZATION
2006,  DATE
2014,  DATE
  BGH,  ORGANIZATION
2013,  DATE
  NJW,  ORGANIZATION
2013,  DATE
1995,  DATE
  UmwG,  ORGANIZATION
2009,  DATE
  russische,  OTHER
  BetrAVG,  ORGANIZATION
2009,  DATE
2010,  DATE
  Bayerischer,  ORGANIZATION
2010,  DATE
2010,  DATE
  Januar,  DATE
2013,  DATE
  Senat,  ORGANIZATION
  BGH,  ORGANIZATION
  Juni,  DATE
2006,  DATE
  BGH,  ORGANIZATION
1990,  DATE
  BGHZ,  ORGANIZATION
1978,  DATE
1979,  DATE
  BGHZ,  ORGANIZATION
  BFD,  ORGANIZATION
  BFD,  ORGANIZATION
750,  QUANTITY
  Bundesgerichtshofs,  ORGANIZATION
  BGH,  ORGANIZATION
  Juni,  DATE
2016,  DATE
  NStZ-RR,  ORGANIZATION
2016,  DATE
100,  QUANTITY
  TVG,  ORGANIZATION
  BAG,  ORGANIZATION
  Dezember,  DATE
2010,  DATE
  zwei,  QUANTITY
130,  QUANTITY
  BNatSchG,  ORGANIZATION
2015,  DATE
  Deutschen,  ORGANIZATION
  Hessen,  ORGANIZATION
  DBA-Kanada,  ORGANIZATION
2001,  DATE
2014,  DATE
2009,  DATE
  Bundespatentgerichts,  ORGANIZATION
  Februar,  DATE
2018,  DATE
  SGB,  ORGANIZATION
  GKV,  ORGANIZATION
  SGB,  ORGANIZATION
  BeitrVerfGrsSz,  ORGANIZATION
2008,  DATE
2013,  DATE
2013,  DATE
2012,  DATE
  BGH,  ORGANIZATION
  BGH,  ORGANIZATION
1994,  DATE
  Dezember,  DATE
2007,  DATE
  Senat,  ORGANIZATION
2005,  DATE
