id (string),tokens (sequence),ner_tags (sequence),ner_coarse_tags (sequence)
"""0""","[ ""dd"", "")"", ""Art."", ""33"", ""Abs."", ""5"", ""GG"", ""würde"", ""demnach"", ""die"", ""Möglichkeit"", ""nicht"", ""ausschließen"", "","", ""unter"", ""den"", ""vorgenannten"", ""Bedingungen"", ""in"", ""Ausnahmefällen"", ""andere"", ""als"", ""Lebenszeitrichterverhältnisse"", ""zu"", ""begründen"", ""."" ]","[ 38, 38, 3, 22, 22, 22, 22, 38, 38, 38, 38, 38, 38, 38, 38, 38, 38, 38, 38, 38, 38, 38, 38, 38, 38, 38 ]","[ 14, 14, 2, 9, 9, 9, 9, 14, 14, 14, 14, 14, 14, 14, 14, 14, 14, 14, 14, 14, 14, 14, 14, 14, 14, 14 ]"
"""1""","[ ""In"", ""diesem"", ""machte"", ""er"", ""im"", ""Wege"", ""der"", ""Stufenklage"", ""Pflichtteils-"", ""und"", ""Pflichtteilsergänzungsansprüche"", ""gegen"", ""die"", ""Restitutionsbeklagte"", ""("", ""im"", ""Folgenden"", "":"", ""Beklagte"", "")"", ""aus"", ""dem"", ""Erbfall"", ""nach"", ""dem"", ""am"", ""26."", ""Juni"", ""2006"", ""verstorbenen"", ""Erblasser"", ""geltend"", ""."" ]","[ 38, 38, 38, 38, 38, 38, 38, 38, 38, 38, 38, 38, 38, 38, 38, 38, 38, 38, 38, 38, 38, 38, 38, 38, 38, 38, 38, 38, 38, 38, 38, 38, 38 ]","[ 14, 14, 14, 14, 14, 14, 14, 14, 14, 14, 14, 14, 14, 14, 14, 14, 14, 14, 14, 14, 14, 14, 14, 14, 14, 14, 14, 14, 14, 14, 14, 14, 14 ]"
"""2""","[ ""Auch"", ""kann"", ""die"", ""spezielle"", ""Auswahl"", ""von"", ""im"", ""Stand"", ""der"", ""Technik"", ""als"", ""beliebig"", ""einsetzbar"", ""beschriebenen"", ""Bedienelementen"", ""keine"", ""erfinderische"", ""Tätigkeit"", ""begründen"", "","", ""zumal"", ""Bedienhebel"", ""das"", ""klassische"", ""Bedieninstrument"", ""bilden"", ""."" ]","[ 38, 38, 38, 38, 38, 38, 38, 38, 38, 38, 38, 38, 38, 38, 38, 38, 38, 38, 38, 38, 38, 38, 38, 38, 38, 38, 38 ]","[ 14, 14, 14, 14, 14, 14, 14, 14, 14, 14, 14, 14, 14, 14, 14, 14, 14, 14, 14, 14, 14, 14, 14, 14, 14, 14, 14 ]"
"""3""","[ ""Der"", ""erfindungsgemäße"", ""Saug-Spül-Handgriff"", ""weist"", ""eine"", ""Ventilaufnahme"", ""auf"", "","", ""in"", ""die"", ""ein"", ""Ventileinsatz"", ""mit"", ""Ventilen"", ""zum"", ""Öffnen"", ""und"", ""Schließen"", ""der"", ""Saug-"", """", ""Spül-Kanäle"", ""eingesetzt"", ""werden"", ""kann"", ""."" ]","[ 38, 38, 38, 38, 38, 38, 38, 38, 38, 38, 38, 38, 38, 38, 38, 38, 38, 38, 38, 38, 38, 38, 38, 38, 38, 38 ]","[ 14, 14, 14, 14, 14, 14, 14, 14, 14, 14, 14, 14, 14, 14, 14, 14, 14, 14, 14, 14, 14, 14, 14, 14, 14, 14 ]"
"""4""","[ ""Mit"", ""der"", ""Revision"", ""verfolgt"", ""der"", ""Kläger"", ""sein"", ""Zahlungsbegehren"", ""hinsichtlich"", ""des"", ""Restbetrags"", ""weiter"", ""."" ]","[ 38, 38, 38, 38, 38, 38, 38, 38, 38, 38, 38, 38, 38 ]","[ 14, 14, 14, 14, 14, 14, 14, 14, 14, 14, 14, 14, 14 ]"
"""5""","[ ""Dass"", ""die"", ""Beklagte"", ""bei"", ""der"", ""Zuordnung"", ""der"", ""Fallzahlen"", ""von"", ""der"", ""Vorgabe"", ""im"", ""Beschluss"", ""des"", ""EBewA"", ""vom"", ""27."", """", ""28."", ""8."", ""2008"", ""zu"", ""einer"", ""Aufteilung"", ""nach"", ""Kopfteilen"", ""im"", ""ersten"", ""Halbjahr"", ""2009"", ""zugunsten"", ""der"", ""Klägerin"", ""abgewichen"", ""sei"", "","", ""beschwere"", ""diese"", ""nicht"", ""."" ]","[ 38, 38, 38, 38, 38, 38, 38, 38, 38, 38, 38, 38, 38, 38, 38, 38, 38, 38, 38, 38, 38, 38, 38, 38, 38, 38, 38, 38, 38, 38, 38, 38, 38, 38, 38, 38, 38, 38, 38, 38 ]","[ 14, 14, 14, 14, 14, 14, 14, 14, 14, 14, 14, 14, 14, 14, 14, 14, 14, 14, 14, 14, 14, 14, 14, 14, 14, 14, 14, 14, 14, 14, 14, 14, 14, 14, 14, 14, 14, 14, 14, 14 ]"
"""6""","[ ""Weist"", ""die"", ""Wortfolge"", ""einen"", ""unterscheidungskräftigen"", ""Bestandteil"", ""auf"", "","", ""wird"", ""dies"", ""im"", ""Regelfall"", ""dazu"", ""führen"", "","", ""dass"", ""auch"", ""der"", ""Wortfolge"", ""in"", ""ihrer"", ""Gesamtheit"", ""die"", ""Unterscheidungskraft"", ""i."", ""S."", ""v."", ""§"", ""8"", ""Abs."", ""2"", ""Nr."", ""1"", ""MarkenG"", ""nicht"", ""fehlt"", ""("", ""BGH"", "","", ""GRUR"", ""2014"", "","", ""565"", "","", ""Rn."", ""14"", ""–"", ""smartbook"", "";"", ""BGH"", "","", ""GRUR"", ""2014"", "","", ""872"", "","", ""Rn."", ""14"", ""–"", ""Gute"", ""Laune"", ""Drops"", "")"", ""."" ]","[ 38, 38, 38, 38, 38, 38, 38, 38, 38, 38, 38, 38, 38, 38, 38, 38, 38, 38, 38, 38, 38, 38, 38, 38, 38, 38, 38, 3, 22, 22, 22, 22, 22, 22, 38, 38, 38, 12, 31, 31, 31, 31, 31, 31, 31, 31, 31, 31, 38, 12, 31, 31, 31, 31, 31, 31, 31, 31, 31, 31, 31, 31, 38, 38 ]","[ 14, 14, 14, 14, 14, 14, 14, 14, 14, 14, 14, 14, 14, 14, 14, 14, 14, 14, 14, 14, 14, 14, 14, 14, 14, 14, 14, 2, 9, 9, 9, 9, 9, 9, 14, 14, 14, 6, 13, 13, 13, 13, 13, 13, 13, 13, 13, 13, 14, 6, 13, 13, 13, 13, 13, 13, 13, 13, 13, 13, 13, 13, 14, 14 ]"
"""7""","[ ""b"", "")"", ""Die"", ""Gesetzeshistorie"", ""des"", ""§"", ""55"", ""Abs"", ""3a"", ""Nr"", ""2"", ""SGB"", ""XI"", ""über"", ""die"", ""von"", ""der"", ""Befreiung"", ""vom"", ""Beitragszuschlag"", ""ausgenommenen"", ""Stiefeltern"", ""bestätigt"", ""dieses"", ""Ergebnis"", ""."" ]","[ 38, 38, 38, 38, 38, 3, 22, 22, 22, 22, 22, 22, 22, 38, 38, 38, 38, 38, 38, 38, 38, 38, 38, 38, 38, 38 ]","[ 14, 14, 14, 14, 14, 2, 9, 9, 9, 9, 9, 9, 9, 14, 14, 14, 14, 14, 14, 14, 14, 14, 14, 14, 14, 14 ]"
"""8""","[ ""Dahinstehen"", ""kann"", "","", ""ob"", ""dieser"", ""Bescheid"", ""ihn"", ""rechtswidrig"", ""begünstigt"", "","", ""weil"", ""die"", ""Beklagte"", ""bei"", ""dem"", ""Kläger"", ""zuvor"", ""gezahltes"", ""variables"", ""Entgelt"", ""elterngeldsteigernd"", ""berücksichtigt"", ""hat"", ""."" ]","[ 38, 38, 38, 38, 38, 38, 38, 38, 38, 38, 38, 38, 38, 38, 38, 38, 38, 38, 38, 38, 38, 38, 38, 38 ]","[ 14, 14, 14, 14, 14, 14, 14, 14, 14, 14, 14, 14, 14, 14, 14, 14, 14, 14, 14, 14, 14, 14, 14, 14 ]"
"""9""","[ ""beruhen"", ""würde"", ""."" ]","[ 38, 38, 38 ]","[ 14, 14, 14 ]"
"""10""","[ ""Denn"", ""das"", ""FG"", ""hat"", ""-"", ""für"", ""den"", ""Senat"", ""bindend"", ""("", ""§"", ""118"", ""Abs."", ""2"", ""FGO"", "")"", ""-"", ""festgestellt"", "","", ""es"", ""sei"", ""der"", ""Klägerin"", ""bewusst"", ""gewesen"", "","", ""dass"", ""sie"", ""die"", ""GmbH-Beteiligung"", ""ihrer"", ""Tochter"", ""in"", ""ihrer"", ""Steuererklärung"", ""hätte"", ""angeben"", ""müssen"", "","", ""und"", ""sie"", ""hätte"", ""erkennen"", ""können"", "","", ""dass"", ""durch"", ""das"", ""Verschweigen"", ""der"", ""Beteiligung"", ""Steuern"", ""verkürzt"", ""werden"", ""konnten"", ""."" ]","[ 38, 38, 38, 38, 38, 38, 38, 38, 38, 38, 3, 22, 22, 22, 22, 38, 38, 38, 38, 38, 38, 38, 38, 38, 38, 38, 38, 38, 38, 38, 38, 38, 38, 38, 38, 38, 38, 38, 38, 38, 38, 38, 38, 38, 38, 38, 38, 38, 38, 38, 38, 38, 38, 38, 38, 38 ]","[ 14, 14, 14, 14, 14, 14, 14, 14, 14, 14, 2, 9, 9, 9, 9, 14, 14, 14, 14, 14, 14, 14, 14, 14, 14, 14, 14, 14, 14, 14, 14, 14, 14, 14, 14, 14, 14, 14, 14, 14, 14, 14, 14, 14, 14, 14, 14, 14, 14, 14, 14, 14, 14, 14, 14, 14 ]"
"""11""","[ ""Er"", ""kann"", ""die"", ""Abgrenzung"", ""vielmehr"", ""eigenständig"", ""vornehmen"", ""("", ""vgl"", ""BVerwG"", ""Urteil"", ""vom"", ""30."", ""1."", ""1996"", ""-"", ""1"", ""C"", ""993"", ""-"", ""RdNr"", ""17"", "")"", ""unabhängig"", ""von"", ""dem"", ""bundesrechtlichen"", ""Ärztebegriff"", ""der"", ""Bundesärzteordnung"", ""("", ""BVerwG"", ""Urteil"", ""vom"", ""25."", ""11."", ""1971"", ""-"", ""I"", ""C"", ""48.65"", ""-"", ""BVerwGE"", ""39"", "","", ""100"", "","", ""RdNr"", ""14"", "")"", ""."" ]","[ 38, 38, 38, 38, 38, 38, 38, 38, 38, 12, 31, 31, 31, 31, 31, 31, 31, 31, 31, 31, 31, 31, 38, 38, 38, 38, 38, 38, 38, 3, 38, 12, 31, 31, 31, 31, 31, 31, 31, 31, 31, 31, 31, 31, 31, 31, 31, 31, 31, 38, 38 ]","[ 14, 14, 14, 14, 14, 14, 14, 14, 14, 6, 13, 13, 13, 13, 13, 13, 13, 13, 13, 13, 13, 13, 14, 14, 14, 14, 14, 14, 14, 2, 14, 6, 13, 13, 13, 13, 13, 13, 13, 13, 13, 13, 13, 13, 13, 13, 13, 13, 13, 14, 14 ]"
"""12""","[ ""an"", ""den"", ""Kläger"", ""zu"", ""21."", ""gesamtschuldnerisch"", ""einen"", ""Nachteilsausgleich"", """", ""Schadensersatz"", ""zu"", ""zahlen"", "","", ""dessen"", ""Höhe"", ""in"", ""das"", ""Ermessen"", ""des"", ""Gerichts"", ""gestellt"", ""wird"", "","", ""mindestens"", ""jedoch"", ""6.432,29"", ""Euro"", ""nebst"", ""Zinsen"", ""iHv."", ""fünf"", ""Prozentpunkten"", ""über"", ""Basiszins"", ""seit"", ""5."", ""Februar"", ""2014"", "";"" ]","[ 38, 38, 38, 38, 38, 38, 38, 38, 38, 38, 38, 38, 38, 38, 38, 38, 38, 38, 38, 38, 38, 38, 38, 38, 38, 38, 38, 38, 38, 38, 38, 38, 38, 38, 38, 38, 38, 38, 38 ]","[ 14, 14, 14, 14, 14, 14, 14, 14, 14, 14, 14, 14, 14, 14, 14, 14, 14, 14, 14, 14, 14, 14, 14, 14, 14, 14, 14, 14, 14, 14, 14, 14, 14, 14, 14, 14, 14, 14, 14 ]"
"""13""","[ ""Die"", ""Markenstelle"", ""hat"", ""zutreffend"", ""eine"", ""klangliche"", ""Prägung"", ""der"", ""angegriffenen"", ""Marke"", ""durch"", ""den"", ""Bestandteil"", ""„"", ""Petit"", ""Filou"", ""“"", ""bejaht"", ""."" ]","[ 38, 38, 38, 38, 38, 38, 38, 38, 38, 38, 38, 38, 38, 38, 38, 38, 38, 38, 38 ]","[ 14, 14, 14, 14, 14, 14, 14, 14, 14, 14, 14, 14, 14, 14, 14, 14, 14, 14, 14 ]"
"""14""","[ ""Der"", ""englische"", ""Begriff"", ""„"", ""substantial"", ""“"", ""gehöre"", ""nicht"", ""zum"", ""englischen"", ""Grundwortschatz"", "","", ""sondern"", ""zur"", ""gehobenen"", ""Sprachebene"", ""und"", ""habe"", ""verschiedenste"", ""Bedeutungen"", ""."" ]","[ 38, 38, 38, 38, 38, 38, 38, 38, 38, 38, 38, 38, 38, 38, 38, 38, 38, 38, 38, 38, 38 ]","[ 14, 14, 14, 14, 14, 14, 14, 14, 14, 14, 14, 14, 14, 14, 14, 14, 14, 14, 14, 14, 14 ]"
"""15""","[ ""Diese"", ""Regelungen"", ""zeigen"", "","", ""dass"", ""das"", ""Versorgungskapital"", ""des"", ""mit"", ""einer"", ""unverfallbaren"", ""Anwartschaft"", ""vorzeitig"", ""aus"", ""dem"", ""Arbeitsverhältnis"", ""ausgeschiedenen"", ""Arbeitnehmers"", ""nicht"", ""nach"", ""der"", ""in"", ""§"", ""2"", ""Abs."", ""1"", ""BetrAVG"", ""vorgesehenen"", ""Methode"", ""-"", ""durch"", ""Hochrechnung"", ""eines"", ""fiktiv"", ""bei"", ""einem"", ""Verbleib"", ""im"", ""Arbeitsverhältnis"", ""bis"", ""zur"", ""Vollendung"", ""des"", ""65."", ""Lebensjahres"", ""erreichbaren"", ""Versorgungsguthabens"", ""unter"", ""Festschreibung"", ""der"", ""veränderbaren"", ""Faktoren"", ""und"", ""zeitratierlicher"", ""Kürzung"", ""desselben"", ""im"", ""Verhältnis"", ""der"", ""bis"", ""zum"", ""Eintritt"", ""des"", ""Versorgungsfalls"", ""möglichen"", ""zur"", ""tatsächlichen"", ""Beschäftigungszeit"", ""-"", ""berechnet"", ""werden"", ""sollte"", ""."" ]","[ 38, 38, 38, 38, 38, 38, 38, 38, 38, 38, 38, 38, 38, 38, 38, 38, 38, 38, 38, 38, 38, 38, 3, 22, 22, 22, 22, 38, 38, 38, 38, 38, 38, 38, 38, 38, 38, 38, 38, 38, 38, 38, 38, 38, 38, 38, 38, 38, 38, 38, 38, 38, 38, 38, 38, 38, 38, 38, 38, 38, 38, 38, 38, 38, 38, 38, 38, 38, 38, 38, 38, 38, 38 ]","[ 14, 14, 14, 14, 14, 14, 14, 14, 14, 14, 14, 14, 14, 14, 14, 14, 14, 14, 14, 14, 14, 14, 2, 9, 9, 9, 9, 14, 14, 14, 14, 14, 14, 14, 14, 14, 14, 14, 14, 14, 14, 14, 14, 14, 14, 14, 14, 14, 14, 14, 14, 14, 14, 14, 14, 14, 14, 14, 14, 14, 14, 14, 14, 14, 14, 14, 14, 14, 14, 14, 14, 14, 14 ]"
"""16""","[ ""Die"", ""Beschwerde"", ""gegen"", ""die"", ""Nichtzulassung"", ""der"", ""Revision"", ""in"", ""dem"", ""Urteil"", ""der"", ""17."", ""Zivilkammer"", ""des"", ""Landgerichts"", ""Dortmund"", ""vom"", ""30."", ""Juni"", ""2017"", ""wird"", ""auf"", ""Kosten"", ""der"", ""Kläger"", ""als"", ""unzulässig"", ""verworfen"", ""."" ]","[ 38, 38, 38, 38, 38, 38, 38, 38, 38, 38, 38, 2, 21, 21, 21, 21, 38, 38, 38, 38, 38, 38, 38, 38, 38, 38, 38, 38, 38 ]","[ 14, 14, 14, 14, 14, 14, 14, 14, 14, 14, 14, 3, 10, 10, 10, 10, 14, 14, 14, 14, 14, 14, 14, 14, 14, 14, 14, 14, 14 ]"
"""17""","[ ""Das"", ""rechtfertigt"", ""es"", "","", ""macht"", ""es"", ""aber"", ""nach"", ""dem"", ""Plan"", ""des"", ""Gesetzgebers"", ""auch"", ""erforderlich"", "","", ""sie"", ""abweichend"", ""vom"", ""Bereicherungsrecht"", ""zur"", ""Herausgabe"", ""des"", ""Veräußerungserlöses"", "","", ""mindestens"", ""aber"", ""des"", ""Verkehrswerts"", ""entsprechend"", ""§"", ""8"", ""Abs."", ""4"", ""Satz"", ""2"", "","", ""§"", ""13"", ""Abs."", ""2"", ""Sätze"", ""1"", ""und"", ""4"", ""VZOG"", ""zu"", ""verpflichten"", ""."" ]","[ 38, 38, 38, 38, 38, 38, 38, 38, 38, 38, 38, 38, 38, 38, 38, 38, 38, 38, 38, 38, 38, 38, 38, 38, 38, 38, 38, 38, 38, 3, 22, 22, 22, 22, 22, 22, 22, 22, 22, 22, 22, 22, 22, 22, 22, 38, 38, 38 ]","[ 14, 14, 14, 14, 14, 14, 14, 14, 14, 14, 14, 14, 14, 14, 14, 14, 14, 14, 14, 14, 14, 14, 14, 14, 14, 14, 14, 14, 14, 2, 9, 9, 9, 9, 9, 9, 9, 9, 9, 9, 9, 9, 9, 9, 9, 14, 14, 14 ]"
"""18""","[ ""Der"", ""geltende"", ""Patentanspruch"", ""1"", ""des"", ""Hilfsantrags"", ""1"", ""("", ""hier"", ""mit"", ""einer"", ""denkbaren"", ""Gliederung"", ""und"", ""der"", ""Kennzeichnung"", ""der"", ""Unterschiede"", ""zu"", ""Anspruch"", ""1"", ""nach"", ""Hauptantrag"", ""versehen"", "")"", ""lautet"", "":"" ]","[ 38, 38, 38, 38, 38, 38, 38, 38, 38, 38, 38, 38, 38, 38, 38, 38, 38, 38, 38, 38, 38, 38, 38, 38, 38, 38, 38 ]","[ 14, 14, 14, 14, 14, 14, 14, 14, 14, 14, 14, 14, 14, 14, 14, 14, 14, 14, 14, 14, 14, 14, 14, 14, 14, 14, 14 ]"
"""19""","[ ""D2"", ""einen"", ""Ausgangsstrom"", ""("", ""IMp"", "")"", ""der"", ""Spannungsbereitstellungsschaltung"", ""("", ""25"", "")"", ""auf"", ""einen"", ""vorherbestimmten"", ""Maximalwert"", ""zu"", ""begrenzen"", "","" ]","[ 38, 38, 38, 38, 38, 38, 38, 38, 38, 38, 38, 38, 38, 38, 38, 38, 38, 38 ]","[ 14, 14, 14, 14, 14, 14, 14, 14, 14, 14, 14, 14, 14, 14, 14, 14, 14, 14 ]"
"""20""","[ ""aa"", "")"", ""Für"", ""die"", ""Geltendmachung"", ""des"", ""Anwendungsvorrangs"", ""des"", ""Unionsrechts"", ""ist"", ""es"", ""deshalb"", ""unbeachtlich"", "","", ""dass"", ""der"", ""sich"", ""auf"", ""unionsrechtliche"", ""Bestimmungen"", ""berufende"", ""Steuerpflichtige"", ""selbst"", ""nicht"", ""Steuerschuldner"", "","", ""sondern"", ""("", ""vorsteuerabzugsberechtigter"", "")"", ""Abnehmer"", ""einer"", ""Lieferung"", ""ist"", "","", ""ohne"", ""die"", ""Steuer"", ""hierfür"", ""als"", ""Leistungsempfänger"", ""nach"", ""§"", ""13b"", ""UStG"", ""zu"", ""schulden"", ""."" ]","[ 38, 38, 38, 38, 38, 38, 38, 38, 38, 38, 38, 38, 38, 38, 38, 38, 38, 38, 38, 38, 38, 38, 38, 38, 38, 38, 38, 38, 38, 38, 38, 38, 38, 38, 38, 38, 38, 38, 38, 38, 38, 38, 3, 22, 22, 38, 38, 38 ]","[ 14, 14, 14, 14, 14, 14, 14, 14, 14, 14, 14, 14, 14, 14, 14, 14, 14, 14, 14, 14, 14, 14, 14, 14, 14, 14, 14, 14, 14, 14, 14, 14, 14, 14, 14, 14, 14, 14, 14, 14, 14, 14, 2, 9, 9, 14, 14, 14 ]"
"""21""","[ ""5."", ""Damit"", ""ein"", ""Erzeugnis"", ""für"", ""den"", ""angesprochenen"", ""Fachmann"", ""als"", ""zum"", ""Schutzgegenstand"", ""des"", ""Grundpatents"", ""gehörig"", ""erkennbar"", ""ist"", "","", ""muss"", ""der"", ""fragliche"", ""Wirkstoff"", ""nach"", ""den"", ""Vorgaben"", ""des"", ""Gerichtshofs"", ""zwar"", ""in"", ""den"", ""Patentansprüchen"", ""nicht"", ""explizit"", ""genannt"", ""werden"", ""."" ]","[ 38, 38, 38, 38, 38, 38, 38, 38, 38, 38, 38, 38, 38, 38, 38, 38, 38, 38, 38, 38, 38, 38, 38, 38, 38, 38, 38, 38, 38, 38, 38, 38, 38, 38, 38 ]","[ 14, 14, 14, 14, 14, 14, 14, 14, 14, 14, 14, 14, 14, 14, 14, 14, 14, 14, 14, 14, 14, 14, 14, 14, 14, 14, 14, 14, 14, 14, 14, 14, 14, 14, 14 ]"
"""22""","[ ""So"", ""ergeben"", ""sich"", ""die"", ""Merkmal"", ""M2c"", ""und"", ""M7"", ""aus"", ""den"", ""Absätzen"", ""["", ""0005"", ""]"", ""und"", ""["", ""0015"", ""]"", ""der"", ""OS"", ""."" ]","[ 38, 38, 38, 38, 38, 38, 38, 38, 38, 38, 38, 38, 38, 38, 38, 38, 38, 38, 38, 38, 38 ]","[ 14, 14, 14, 14, 14, 14, 14, 14, 14, 14, 14, 14, 14, 14, 14, 14, 14, 14, 14, 14, 14 ]"
"""23""","[ ""Gleichwohl"", ""könnten"", ""auch"", ""bei"", ""der"", ""Bewertung"", ""des"", ""Grundvermögens"", ""allein"", ""aus"", ""verfassungsrechtlichen"", ""Gründen"", ""auf"", ""einem"", ""übermäßig"", ""langen"", ""Hauptfeststellungszeitraum"", ""beruhende"", ""Wertverzerrungen"", ""nicht"", ""hingenommen"", ""werden"", ""."" ]","[ 38, 38, 38, 38, 38, 38, 38, 38, 38, 38, 38, 38, 38, 38, 38, 38, 38, 38, 38, 38, 38, 38, 38 ]","[ 14, 14, 14, 14, 14, 14, 14, 14, 14, 14, 14, 14, 14, 14, 14, 14, 14, 14, 14, 14, 14, 14, 14 ]"
"""24""","[ ""Bei"", ""deutscher"", ""Aussprache"", ""wiederum"", ""ist"", ""davon"", ""auszugehen"", "","", ""dass"", ""das"", ""ausgelassene"", ""„"", ""e"", ""“"", ""in"", ""„"", ""p"", ""‘"", ""tit"", ""“"", ""mitgesprochen"", ""wird"", "","", ""so"", ""dass"", ""sich"", ""klanglich"", ""identisch"", ""„"", ""petit"", ""“"", ""und"", ""„"", ""petit"", ""“"", ""gegenüber"", ""stehen"", ""."" ]","[ 38, 38, 38, 38, 38, 38, 38, 38, 38, 38, 38, 38, 38, 38, 38, 38, 38, 38, 38, 38, 38, 38, 38, 38, 38, 38, 38, 38, 38, 38, 38, 38, 38, 38, 38, 38, 38, 38 ]","[ 14, 14, 14, 14, 14, 14, 14, 14, 14, 14, 14, 14, 14, 14, 14, 14, 14, 14, 14, 14, 14, 14, 14, 14, 14, 14, 14, 14, 14, 14, 14, 14, 14, 14, 14, 14, 14, 14 ]"
"""25""","[ ""Dies"", ""sei"", ""hier"", ""nicht"", ""der"", ""Fall"", ""gewesen"", ""."" ]","[ 38, 38, 38, 38, 38, 38, 38, 38 ]","[ 14, 14, 14, 14, 14, 14, 14, 14 ]"
"""26""","[ ""Berufungsverwerfungsbeschluss"", "":"", ""Inhaltliche"", ""Anforderungen"", ""bei"", ""Verwerfung"", ""wegen"", ""Nichterreichens"", ""der"", ""Berufungssumme"" ]","[ 38, 38, 38, 38, 38, 38, 38, 38, 38, 38 ]","[ 14, 14, 14, 14, 14, 14, 14, 14, 14, 14 ]"
"""27""","[ ""Dies"", ""wird"", ""allein"", ""unter"", ""der"", ""Voraussetzung"", ""durchbrochen"", "","", ""dass"", ""eine"", ""Vertrauensgrundlage"", ""für"", ""eine"", ""sinnvolle"", ""Fortsetzung"", ""des"", ""Arbeitsverhältnisses"", ""nicht"", ""mehr"", ""besteht"", ""("", ""vgl."", ""BT-Drs."", ""12090"", ""S."", ""13"", "")"", ""."" ]","[ 38, 38, 38, 38, 38, 38, 38, 38, 38, 38, 38, 38, 38, 38, 38, 38, 38, 38, 38, 38, 38, 38, 7, 26, 26, 26, 38, 38 ]","[ 14, 14, 14, 14, 14, 14, 14, 14, 14, 14, 14, 14, 14, 14, 14, 14, 14, 14, 14, 14, 14, 14, 0, 7, 7, 7, 14, 14 ]"
"""28""","[ ""b"", "")"", ""Von"", ""diesen"", ""Widersprüchen"", ""abgesehen"", ""lassen"", ""die"", ""Ausführungen"", ""des"", ""Landgerichts"", ""zudem"", ""besorgen"", "","", ""dass"", ""es"", ""dem"", ""Fehlen"", ""wesentlicher"", ""Ausfallerscheinungen"", ""bei"", ""Feststellung"", ""des"", ""Angeklagten"", ""am"", ""Unfallort"", ""eine"", ""zu"", ""große"", ""Bedeutung"", ""bei"", ""der"", ""Schuldfähigkeitsbeurteilung"", ""beigemessen"", ""hat"", ""."" ]","[ 38, 38, 38, 38, 38, 38, 38, 38, 38, 38, 38, 38, 38, 38, 38, 38, 38, 38, 38, 38, 38, 38, 38, 38, 38, 38, 38, 38, 38, 38, 38, 38, 38, 38, 38, 38 ]","[ 14, 14, 14, 14, 14, 14, 14, 14, 14, 14, 14, 14, 14, 14, 14, 14, 14, 14, 14, 14, 14, 14, 14, 14, 14, 14, 14, 14, 14, 14, 14, 14, 14, 14, 14, 14 ]"
"""29""","[ ""..."" ]",[ 38 ],[ 14 ]
"""30""","[ ""Das"", ""Bundesverfassungsgericht"", ""darf"", ""von"", ""seiner"", ""Befugnis"", "","", ""den"", ""Vollzug"", ""eines"", ""Gesetzes"", ""auszusetzen"", "","", ""nur"", ""mit"", ""größter"", ""Zurückhaltung"", ""Gebrauch"", ""machen"", "","", ""weil"", ""dies"", ""einen"", ""erheblichen"", ""Eingriff"", ""in"", ""die"", ""originäre"", ""Zuständigkeit"", ""des"", ""Gesetzgebers"", ""darstellt"", ""("", ""vgl."", ""BVerfGE"", ""104"", "","", ""23"", ""<"", ""27"", "">"", "";"", ""104"", "","", ""51"", ""<"", ""55"", "">"", "";"", ""112"", "","", ""216"", ""<"", ""220"", "">"", "";"", ""112"", "","", ""284"", ""<"", ""292"", "">"", "";"", ""122"", "","", ""342"", ""<"", ""361"", "">"", "";"", ""131"", "","", ""47"", ""<"", ""61"", "">"", "";"", ""140"", "","", ""99"", ""<"", ""106"", ""f."", "">"", "";"", ""140"", "","", ""211"", ""<"", ""219"", "">"", "";"", ""stRspr"", "")"", ""."" ]","[ 38, 2, 38, 38, 38, 38, 38, 38, 38, 38, 38, 38, 38, 38, 38, 38, 38, 38, 38, 38, 38, 38, 38, 38, 38, 38, 38, 38, 38, 38, 38, 38, 38, 38, 12, 31, 31, 31, 31, 31, 31, 31, 31, 31, 31, 31, 31, 31, 31, 31, 31, 31, 31, 31, 31, 31, 31, 31, 31, 31, 31, 31, 31, 31, 31, 31, 31, 31, 31, 31, 31, 31, 31, 31, 31, 31, 31, 31, 31, 31, 31, 31, 31, 31, 31, 31, 31, 31, 31, 31, 31, 38, 38, 38, 38 ]","[ 14, 3, 14, 14, 14, 14, 14, 14, 14, 14, 14, 14, 14, 14, 14, 14, 14, 14, 14, 14, 14, 14, 14, 14, 14, 14, 14, 14, 14, 14, 14, 14, 14, 14, 6, 13, 13, 13, 13, 13, 13, 13, 13, 13, 13, 13, 13, 13, 13, 13, 13, 13, 13, 13, 13, 13, 13, 13, 13, 13, 13, 13, 13, 13, 13, 13, 13, 13, 13, 13, 13, 13, 13, 13, 13, 13, 13, 13, 13, 13, 13, 13, 13, 13, 13, 13, 13, 13, 13, 13, 13, 14, 14, 14, 14 ]"
"""31""","[ ""Nach"", ""§"", ""7"", ""Abs"", ""4"", ""Satz"", ""1"", ""SGB"", ""II"", ""("", ""in"", ""der"", ""ab"", ""1."", ""8."", ""2006"", ""geltenden"", ""Fassung"", ""des"", ""Gesetzes"", ""zur"", ""Fortentwicklung"", ""der"", ""Grundsicherung"", ""für"", ""Arbeitsuchende"", ""vom"", ""20."", ""7."", ""2006"", "","", ""BGBl"", ""I"", ""1706"", "")"", ""erhält"", ""Leistungen"", ""nach"", ""dem"", ""SGB"", ""II"", ""ua"", ""nicht"", "","", ""wer"", ""Rente"", ""wegen"", ""Alters"", ""oder"", ""Knappschaftsausgleichsleistung"", ""oder"", ""ähnliche"", ""Leistungen"", ""öffentlich-rechtlicher"", ""Art"", ""bezieht"", ""."" ]","[ 38, 3, 22, 22, 22, 22, 22, 22, 22, 38, 38, 38, 38, 38, 38, 38, 38, 38, 38, 3, 22, 22, 22, 22, 22, 22, 22, 22, 22, 22, 22, 22, 22, 22, 38, 38, 38, 38, 38, 3, 22, 38, 38, 38, 38, 38, 38, 38, 38, 38, 38, 38, 38, 38, 38, 38, 38 ]","[ 14, 2, 9, 9, 9, 9, 9, 9, 9, 14, 14, 14, 14, 14, 14, 14, 14, 14, 14, 2, 9, 9, 9, 9, 9, 9, 9, 9, 9, 9, 9, 9, 9, 9, 14, 14, 14, 14, 14, 2, 9, 14, 14, 14, 14, 14, 14, 14, 14, 14, 14, 14, 14, 14, 14, 14, 14 ]"
"""32""","[ ""Der"", ""Präsident"", ""der"", ""Hochschule"", ""bestellte"", ""ihn"", ""daraufhin"", ""erneut"", ""zum"", ""Kanzler"", "","", ""aus"", ""seiner"", ""Sicht"", ""\"""", ""ohne"", ""Einschränkungen"", "","", ""soweit"", ""zulässig"", ""\"""", ""."" ]","[ 38, 38, 38, 38, 38, 38, 38, 38, 38, 38, 38, 38, 38, 38, 38, 38, 38, 38, 38, 38, 38, 38 ]","[ 14, 14, 14, 14, 14, 14, 14, 14, 14, 14, 14, 14, 14, 14, 14, 14, 14, 14, 14, 14, 14, 14 ]"
"""33""","[ ""Bei"", ""der"", ""Nennung"", ""von"", ""langen"", ""Strecken"", ""assoziiert"", ""der"", ""Fachmann"", ""im"", ""Zusammenhang"", ""mit"", ""Gleichspannung"", ""ohnehin"", ""nichts"", ""anderes"", ""als"", ""HGÜ"", "","", ""wobei"", ""an"", ""der"", ""genannten"", ""Fundstelle"", ""explizit"", ""ein"", ""„"", ""250"", ""kV"", ""DC"", ""XLPE"", ""cable"", ""“"", ""genannt"", ""ist"", ""."" ]","[ 38, 38, 38, 38, 38, 38, 38, 38, 38, 38, 38, 38, 38, 38, 38, 38, 38, 38, 38, 38, 38, 38, 38, 38, 38, 38, 38, 38, 38, 38, 38, 38, 38, 38, 38, 38 ]","[ 14, 14, 14, 14, 14, 14, 14, 14, 14, 14, 14, 14, 14, 14, 14, 14, 14, 14, 14, 14, 14, 14, 14, 14, 14, 14, 14, 14, 14, 14, 14, 14, 14, 14, 14, 14 ]"
"""34""","[ ""Den"", ""hiergegen"", ""gerichteten"", ""Einspruch"", ""wies"", ""das"", ""FA"", ""mit"", ""Einspruchsentscheidung"", ""vom"", ""19."", ""Februar"", ""2014"", ""als"", ""unbegründet"", ""zurück"", ""."" ]","[ 38, 38, 38, 38, 38, 38, 38, 38, 38, 38, 38, 38, 38, 38, 38, 38, 38 ]","[ 14, 14, 14, 14, 14, 14, 14, 14, 14, 14, 14, 14, 14, 14, 14, 14, 14 ]"
"""35""","[ ""Die"", ""Eigenschaften"", ""der"", ""Kommunikationseinrichtung"", ""und"", ""der"", ""zentralen"", ""Datenbank"", ""beeinflussen"", ""somit"", ""die"", ""Ausgestaltung"", ""der"", ""Schlüssel"", ""insofern"", "","", ""als"", ""technische"", ""Gegebenheiten"", ""Berücksichtigung"", ""finden"", ""."" ]","[ 38, 38, 38, 38, 38, 38, 38, 38, 38, 38, 38, 38, 38, 38, 38, 38, 38, 38, 38, 38, 38, 38 ]","[ 14, 14, 14, 14, 14, 14, 14, 14, 14, 14, 14, 14, 14, 14, 14, 14, 14, 14, 14, 14, 14, 14 ]"
"""36""","[ ""("", ""b"", "")"", ""Die"", ""mit"", ""§"", ""14"", ""Abs."", ""2"", ""Satz"", ""2"", ""TzBfG"", ""einhergehenden"", ""Beeinträchtigungen"", ""der"", ""Rechte"", ""der"", ""Arbeitsplatzsuchenden"", ""und"", ""der"", ""Arbeitgeber"", "","", ""erneut"", ""einen"", ""Arbeitsvertrag"", ""sachgrundlos"", ""zu"", ""befristen"", "","", ""stehen"", ""nicht"", ""außer"", ""Verhältnis"", ""zu"", ""den"", ""angestrebten"", ""Zwecken"", "","", ""da"", ""die"", ""Arbeitsgerichte"", ""die"", ""Anwendung"", ""der"", ""Norm"", ""in"", ""verfassungskonformer"", ""Auslegung"", ""auf"", ""Fälle"", ""ausschließen"", ""können"", "","", ""in"", ""denen"", ""dies"", ""für"", ""die"", ""Beteiligten"", ""unzumutbar"", ""wäre"", ""."" ]","[ 38, 38, 38, 38, 38, 3, 22, 22, 22, 22, 22, 22, 38, 38, 38, 38, 38, 38, 38, 38, 38, 38, 38, 38, 38, 38, 38, 38, 38, 38, 38, 38, 38, 38, 38, 38, 38, 38, 38, 38, 38, 38, 38, 38, 38, 38, 38, 38, 38, 38, 38, 38, 38, 38, 38, 38, 38, 38, 38, 38, 38, 38 ]","[ 14, 14, 14, 14, 14, 2, 9, 9, 9, 9, 9, 9, 14, 14, 14, 14, 14, 14, 14, 14, 14, 14, 14, 14, 14, 14, 14, 14, 14, 14, 14, 14, 14, 14, 14, 14, 14, 14, 14, 14, 14, 14, 14, 14, 14, 14, 14, 14, 14, 14, 14, 14, 14, 14, 14, 14, 14, 14, 14, 14, 14, 14 ]"
"""37""","[ ""Ein"", ""derartiges"", ""Shopsystem"", ""kann"", ""sowohl"", ""Datenbank-basiert"", ""und"", ""dynamisch"", ""als"", ""Webanwendung"", ""auf"", ""einem"", ""Webserver"", ""installiert"", ""werden"", "","", ""als"", ""auch"", ""durch"", ""statische"", ""HTML-Seiten"", ""."" ]","[ 38, 38, 38, 38, 38, 38, 38, 38, 38, 38, 38, 38, 38, 38, 38, 38, 38, 38, 38, 38, 38, 38 ]","[ 14, 14, 14, 14, 14, 14, 14, 14, 14, 14, 14, 14, 14, 14, 14, 14, 14, 14, 14, 14, 14, 14 ]"
"""38""","[ ""Tatsächlich"", ""liegt"", ""im"", ""Streitfall"", ""aus"", ""den"", ""unter"", ""d"", "")"", ""genannten"", ""Gründen"", ""schon"", ""keine"", ""rechnerische"", ""doppelte"", ""Besteuerung"", ""vor"", ""."" ]","[ 38, 38, 38, 38, 38, 38, 38, 38, 38, 38, 38, 38, 38, 38, 38, 38, 38, 38 ]","[ 14, 14, 14, 14, 14, 14, 14, 14, 14, 14, 14, 14, 14, 14, 14, 14, 14, 14 ]"
"""39""","[ ""Maßgeblich"", ""ist"", "","", ""dass"", ""die"", ""Freiheitssphären"", ""der"", ""Bürgerinnen"", ""und"", ""Bürger"", ""in"", ""einen"", ""Ausgleich"", ""gebracht"", ""werden"", ""müssen"", "","", ""der"", ""die"", ""in"", ""den"", ""Grundrechten"", ""liegenden"", ""Wertentscheidungen"", ""hinreichend"", ""zur"", ""Geltung"", ""bringt"", ""."" ]","[ 38, 38, 38, 38, 38, 38, 38, 38, 38, 38, 38, 38, 38, 38, 38, 38, 38, 38, 38, 38, 38, 38, 38, 38, 38, 38, 38, 38, 38 ]","[ 14, 14, 14, 14, 14, 14, 14, 14, 14, 14, 14, 14, 14, 14, 14, 14, 14, 14, 14, 14, 14, 14, 14, 14, 14, 14, 14, 14, 14 ]"
"""40""","[ ""("", ""bbb"", "")"", ""Der"", ""durch"", ""§"", ""11"", ""Abs."", ""2"", ""Buchst."", ""d"", ""VO"", ""1990"", ""bewirkte"", ""Anspruchsausschluss"", ""ist"", ""auch"", ""erforderlich"", ""iSv."", ""§"", ""10"", ""Satz"", ""2"", ""AGG"", ""."" ]","[ 38, 38, 38, 38, 38, 17, 36, 36, 36, 36, 36, 36, 36, 38, 38, 38, 38, 38, 38, 3, 22, 22, 22, 22, 38 ]","[ 14, 14, 14, 14, 14, 5, 12, 12, 12, 12, 12, 12, 12, 14, 14, 14, 14, 14, 14, 2, 9, 9, 9, 9, 14 ]"
"""41""","[ ""Deren"", ""Höhe"", ""können"", ""sie"", ""„"", ""frei"", ""wählen"", ""“"", "","", ""sie"", ""müssen"", ""jedoch"", ""mindestens"", ""„"", ""50"", ""%"", ""des"", ""Beitrags"", ""gemäß"", ""Satz"", ""1"", ""“"", "","", ""dh."", ""des"", ""monatlichen"", ""Beitrags"", ""eines"", ""Mitglieds"", ""im"", ""ZDS"", "","", ""leisten"", ""."" ]","[ 38, 38, 38, 38, 38, 38, 38, 38, 38, 38, 38, 38, 38, 38, 38, 38, 38, 38, 38, 38, 38, 38, 38, 38, 38, 38, 38, 38, 38, 38, 9, 38, 38, 38 ]","[ 14, 14, 14, 14, 14, 14, 14, 14, 14, 14, 14, 14, 14, 14, 14, 14, 14, 14, 14, 14, 14, 14, 14, 14, 14, 14, 14, 14, 14, 14, 3, 14, 14, 14 ]"
"""42""","[ ""Tatsache"", ""sei"", "","", ""dass"", ""der"", ""Aufenthalt"", ""bzw."", ""die"", ""Zustelladresse"", ""bis"", ""heute"", ""nicht"", ""bekannt"", ""seien"", ""."" ]","[ 38, 38, 38, 38, 38, 38, 38, 38, 38, 38, 38, 38, 38, 38, 38 ]","[ 14, 14, 14, 14, 14, 14, 14, 14, 14, 14, 14, 14, 14, 14, 14 ]"
"""43""","[ ""Sonderzahlung"", ""-"", ""Inanspruchnahme"", ""vorgezogenen"", ""Altersruhegeldes"", ""-"", ""Vertrauensschutz"" ]","[ 38, 38, 38, 38, 38, 38, 38 ]","[ 14, 14, 14, 14, 14, 14, 14 ]"
"""44""","[ ""Anders"", ""als"", ""der"", ""Betreuer"", ""ist"", ""der"", ""Verfahrenspfleger"", ""nicht"", ""der"", ""Vertreter"", ""des"", ""Betroffenen"", "";"", ""er"", ""handelt"", ""vielmehr"", ""als"", ""eigenständiger"", ""Verfahrensbeteiligter"", ""stets"", ""in"", ""eigenem"", ""Namen"", ""("", ""vgl."", ""BVerfGK"", ""20"", "","", ""304"", ""<"", ""306"", "">"", "";"", ""Budde"", "","", ""in"", "":"", ""Keidel"", "","", ""FamFG"", "","", ""19."", ""Aufl."", ""2017"", "","", ""§"", ""276"", ""Rn."", ""26"", "")"", ""."" ]","[ 38, 38, 38, 38, 38, 38, 38, 38, 38, 38, 38, 38, 38, 38, 38, 38, 38, 38, 38, 38, 38, 38, 38, 38, 38, 12, 31, 31, 31, 31, 31, 31, 38, 7, 26, 26, 26, 26, 26, 26, 26, 26, 26, 26, 26, 26, 26, 26, 26, 38, 38 ]","[ 14, 14, 14, 14, 14, 14, 14, 14, 14, 14, 14, 14, 14, 14, 14, 14, 14, 14, 14, 14, 14, 14, 14, 14, 14, 6, 13, 13, 13, 13, 13, 13, 14, 0, 7, 7, 7, 7, 7, 7, 7, 7, 7, 7, 7, 7, 7, 7, 7, 14, 14 ]"
"""45""","[ ""Hierdurch"", ""wird"", ""das"", ""Revisionsgericht"", ""in"", ""die"", ""Lage"", ""versetzt"", "","", ""nachprüfen"", ""zu"", ""können"", "","", ""ob"", ""der"", ""Freispruch"", ""auf"", ""rechtlich"", ""bedenkenfreien"", ""Erwägungen"", ""beruht"", ""("", ""BGH"", "","", ""Urteil"", ""vom"", ""8."", ""Mai"", ""2014"", ""-"", ""1"", ""StR"", ""72213"", "","", ""aaO"", "";"", ""Urteil"", ""vom"", ""5."", ""Februar"", ""2013"", ""-"", ""1"", ""StR"", ""40512"", "","", ""NJW"", ""2013"", "","", ""1106"", "","", ""jew."", ""mwN"", "")"", ""."" ]","[ 38, 38, 38, 38, 38, 38, 38, 38, 38, 38, 38, 38, 38, 38, 38, 38, 38, 38, 38, 38, 38, 38, 12, 31, 31, 31, 31, 31, 31, 31, 31, 31, 31, 31, 31, 38, 12, 31, 31, 31, 31, 31, 31, 31, 31, 31, 31, 31, 31, 31, 38, 38, 38, 38, 38 ]","[ 14, 14, 14, 14, 14, 14, 14, 14, 14, 14, 14, 14, 14, 14, 14, 14, 14, 14, 14, 14, 14, 14, 6, 13, 13, 13, 13, 13, 13, 13, 13, 13, 13, 13, 13, 14, 6, 13, 13, 13, 13, 13, 13, 13, 13, 13, 13, 13, 13, 13, 14, 14, 14, 14, 14 ]"
"""46""","[ ""Da"", ""§"", ""2"", ""Abs."", ""1"", ""Satz"", ""1"", ""UmwStG"", ""1995"", ""für"", ""vom"", ""zweiten"", ""bis"", ""fünften"", ""Teil"", ""des"", ""UmwStG"", ""1995"", ""erfasste"", ""übertragende"", ""Umwandlungen"", ""("", ""hier"", "":"", ""die"", ""nach"", ""§"", ""1"", ""Abs."", ""2"", ""Halbsatz"", ""2"", ""UmwStG"", ""1995"", ""dem"", ""dritten"", ""Gesetzesteil"", ""unterfallende"", ""Vollübertragung"", ""i."", ""S."", ""des"", ""§"", ""174"", ""Abs."", ""1"", ""UmwG"", "")"", ""unmittelbar"", ""gilt"", ""("", ""vgl."", ""Widmann"", ""in"", ""Widmann"", """", ""Mayer"", "","", ""a."", ""a."", ""O."", "","", ""§"", ""2"", ""UmwStG"", ""Rz"", ""4"", "";"", ""Hörtnagl"", ""in"", ""Schmitt"", """", ""Hörtnagl"", """", ""Stratz"", "","", ""a."", ""a."", ""O."", "","", ""§"", ""2"", ""UmwStG"", ""Rz"", ""3"", "")"", "","", ""sind"", ""danach"", ""im"", ""Streitfall"", ""sowohl"", ""§"", ""2"", ""UmwStG"", ""1995"", ""als"", ""auch"", ""§"", ""12"", ""UmwStG"", ""1995"", ""anwendbar"", ""."" ]","[ 38, 3, 22, 22, 22, 22, 22, 22, 22, 38, 38, 3, 22, 22, 22, 22, 22, 22, 38, 38, 38, 38, 38, 38, 38, 38, 3, 22, 22, 22, 22, 22, 22, 22, 38, 38, 38, 38, 38, 38, 38, 38, 3, 22, 22, 22, 22, 38, 38, 38, 38, 38, 7, 26, 26, 26, 26, 26, 26, 26, 26, 26, 26, 26, 26, 26, 26, 38, 7, 26, 26, 26, 26, 26, 26, 26, 26, 26, 26, 26, 26, 26, 26, 26, 26, 38, 38, 38, 38, 38, 38, 38, 3, 22, 22, 22, 38, 38, 3, 22, 22, 22, 38, 38 ]","[ 14, 2, 9, 9, 9, 9, 9, 9, 9, 14, 14, 2, 9, 9, 9, 9, 9, 9, 14, 14, 14, 14, 14, 14, 14, 14, 2, 9, 9, 9, 9, 9, 9, 9, 14, 14, 14, 14, 14, 14, 14, 14, 2, 9, 9, 9, 9, 14, 14, 14, 14, 14, 0, 7, 7, 7, 7, 7, 7, 7, 7, 7, 7, 7, 7, 7, 7, 14, 0, 7, 7, 7, 7, 7, 7, 7, 7, 7, 7, 7, 7, 7, 7, 7, 7, 14, 14, 14, 14, 14, 14, 14, 2, 9, 9, 9, 14, 14, 2, 9, 9, 9, 14, 14 ]"
"""47""","[ ""Nachdem"", ""im"", ""August"", ""2009"", ""der"", ""Beklagte"", ""auf"", ""den"", ""Rentenbezug"", ""der"", ""Klägerin"", ""hingewiesen"", ""worden"", ""war"", ""und"", ""bei"", ""ihr"", ""nachgefragt"", ""hatte"", "","", ""legte"", ""die"", ""Klägerin"", ""Unterlagen"", ""über"", ""die"", ""russische"", ""Rente"", ""vor"", ""."" ]","[ 38, 38, 38, 38, 38, 38, 38, 38, 38, 38, 38, 38, 38, 38, 38, 38, 38, 38, 38, 38, 38, 38, 38, 38, 38, 38, 38, 38, 38, 38 ]","[ 14, 14, 14, 14, 14, 14, 14, 14, 14, 14, 14, 14, 14, 14, 14, 14, 14, 14, 14, 14, 14, 14, 14, 14, 14, 14, 14, 14, 14, 14 ]"
"""48""","[ ""4."", ""Falls"", ""die"", ""dritte"", ""Vorlagefrage"", ""bejaht"", ""wird"", "":"" ]","[ 38, 38, 38, 38, 38, 38, 38, 38 ]","[ 14, 14, 14, 14, 14, 14, 14, 14 ]"
"""49""","[ ""Bei"", ""der"", ""Vertretung"", ""im"", ""Wege"", ""sog."", ""„"", ""gedanklicher"", ""Zuordnung"", ""“"", ""wird"", ""die"", ""Kausalität"", ""zwischen"", ""der"", ""vorübergehenden"", ""Abwesenheit"", ""der"", ""Stammkraft"", ""und"", ""der"", ""Einstellung"", ""einer"", ""Vertretungskraft"", ""dadurch"", ""hergestellt"", "","", ""dass"", ""der"", ""Arbeitgeber"", ""bei"", ""Abschluss"", ""des"", ""befristeten"", ""Arbeitsvertrags"", ""mit"", ""der"", ""Vertretungskraft"", ""deren"", ""Aufgaben"", ""der"", ""vorübergehend"", ""abwesenden"", ""Stammkraft"", ""nach"", ""außen"", ""erkennbar"", ""gedanklich"", ""zuordnet"", ""."" ]","[ 38, 38, 38, 38, 38, 38, 38, 38, 38, 38, 38, 38, 38, 38, 38, 38, 38, 38, 38, 38, 38, 38, 38, 38, 38, 38, 38, 38, 38, 38, 38, 38, 38, 38, 38, 38, 38, 38, 38, 38, 38, 38, 38, 38, 38, 38, 38, 38, 38, 38 ]","[ 14, 14, 14, 14, 14, 14, 14, 14, 14, 14, 14, 14, 14, 14, 14, 14, 14, 14, 14, 14, 14, 14, 14, 14, 14, 14, 14, 14, 14, 14, 14, 14, 14, 14, 14, 14, 14, 14, 14, 14, 14, 14, 14, 14, 14, 14, 14, 14, 14, 14 ]"
"""50""","[ ""II."", ""Die"", ""Beschwerde"", ""ist"", ""zulässig"", "","", ""hat"", ""aber"", ""in"", ""der"", ""Sache"", ""keinen"", ""Erfolg"", ""."" ]","[ 38, 38, 38, 38, 38, 38, 38, 38, 38, 38, 38, 38, 38, 38 ]","[ 14, 14, 14, 14, 14, 14, 14, 14, 14, 14, 14, 14, 14, 14 ]"
"""51""","[ ""aa"", "")"", ""Hinsichtlich"", ""der"", ""in"", ""Klasse"", ""2"", ""beanspruchten"", ""Waren"", ""werden"", ""die"", ""angesprochenen"", ""Fachkreise"", ""sowie"", ""die"", ""interessierten"", ""Verbraucherkreise"", "","", ""denen"", ""Softfeel"", ""als"", ""gängiger"", ""Fachbegriff"", ""im"", ""Bereich"", ""der"", ""Lacke"", ""und"", ""Farben"", ""bekannt"", ""ist"", "","", ""das"", ""Anmeldezeichen"", ""unmittelbar"", ""als"", ""Sachhinweis"", ""auf"", ""einen"", ""„"", ""Softfeel-Lack"", ""“"", "","", ""eine"", ""„"", ""Softfeel-Farbe"", ""“"", ""bzw."", ""ein"", ""Produkt"", "","", ""welches"", ""einen"", ""„"", ""Softfeel-Effekt"", ""“"", ""herbeizuführen"", ""geeignet"", ""ist"", "","", ""verstehen"", ""."" ]","[ 38, 38, 38, 38, 38, 38, 38, 38, 38, 38, 38, 38, 38, 38, 38, 38, 38, 38, 38, 38, 38, 38, 38, 38, 38, 38, 38, 38, 38, 38, 38, 38, 38, 38, 38, 38, 38, 38, 38, 38, 38, 38, 38, 38, 38, 38, 38, 38, 38, 38, 38, 38, 38, 38, 38, 38, 38, 38, 38, 38, 38, 38 ]","[ 14, 14, 14, 14, 14, 14, 14, 14, 14, 14, 14, 14, 14, 14, 14, 14, 14, 14, 14, 14, 14, 14, 14, 14, 14, 14, 14, 14, 14, 14, 14, 14, 14, 14, 14, 14, 14, 14, 14, 14, 14, 14, 14, 14, 14, 14, 14, 14, 14, 14, 14, 14, 14, 14, 14, 14, 14, 14, 14, 14, 14, 14 ]"
"""52""","[ ""2."", ""Das"", ""Streitpatent"", ""betrifft"", ""eine"", ""Überspannungsschutzeinrichtung"", ""auf"", ""Funkenstreckenbasis"", "","", ""umfassend"", ""mindestens"", ""zwei"", ""in"", ""einem"", ""druckdichten"", ""Gehäuse"", ""befindliche"", ""Hauptelektroden"", ""sowie"", ""mindestens"", ""eine"", ""Zündhilfselektrode"", "","", ""wobei"", ""im"", ""Gehäusevolumen"", ""eine"", ""Funktionsbaugruppe"", ""zum"", ""Reduzieren"", ""der"", ""Ansprechspannung"", ""der"", ""Funkenstrecke"", ""untergebracht"", ""ist"", "","", ""welche"", ""mit"", ""einer"", ""der"", ""Hauptelektroden"", ""und"", ""der"", ""Zündhilfselektrode"", ""in"", ""Verbindung"", ""steht"", ""."" ]","[ 38, 38, 38, 38, 38, 38, 38, 38, 38, 38, 38, 38, 38, 38, 38, 38, 38, 38, 38, 38, 38, 38, 38, 38, 38, 38, 38, 38, 38, 38, 38, 38, 38, 38, 38, 38, 38, 38, 38, 38, 38, 38, 38, 38, 38, 38, 38, 38, 38 ]","[ 14, 14, 14, 14, 14, 14, 14, 14, 14, 14, 14, 14, 14, 14, 14, 14, 14, 14, 14, 14, 14, 14, 14, 14, 14, 14, 14, 14, 14, 14, 14, 14, 14, 14, 14, 14, 14, 14, 14, 14, 14, 14, 14, 14, 14, 14, 14, 14, 14 ]"
"""53""","[ ""-"", ""die"", ""unter"", ""2."", ""a"", "")"", ""genannten"", ""Beschreibungsseiten"", ""und"", ""Zeichnungen"", ""."" ]","[ 38, 38, 38, 38, 38, 38, 38, 38, 38, 38, 38 ]","[ 14, 14, 14, 14, 14, 14, 14, 14, 14, 14, 14 ]"
"""54""","[ ""Der"", ""Wortlaut"", ""des"", ""Gesetzes"", ""spricht"", ""dafür"", "","", ""dass"", ""die"", ""erforderliche"", ""Einigung"", ""über"", ""die"", ""Anwendung"", ""von"", ""§"", ""2"", ""Abs."", ""5"", ""BetrAVG"", ""nur"", ""auf"", ""individualrechtlicher"", ""Ebene"", "","", ""nicht"", ""aber"", ""kollektivrechtlich"", ""durch"", ""eine"", ""normativ"", ""geltende"", ""Betriebsvereinbarung"", ""herbeigeführt"", ""werden"", ""kann"", ""."" ]","[ 38, 38, 38, 38, 38, 38, 38, 38, 38, 38, 38, 38, 38, 38, 38, 3, 22, 22, 22, 22, 38, 38, 38, 38, 38, 38, 38, 38, 38, 38, 38, 38, 38, 38, 38, 38, 38 ]","[ 14, 14, 14, 14, 14, 14, 14, 14, 14, 14, 14, 14, 14, 14, 14, 2, 9, 9, 9, 9, 14, 14, 14, 14, 14, 14, 14, 14, 14, 14, 14, 14, 14, 14, 14, 14, 14 ]"
"""55""","[ ""b"", "")"", ""In"", ""den"", ""Verfassungsschutzberichten"", ""des"", ""Bundes"", ""und"", ""eines"", ""Bundeslandes"", ""für"", ""2009"", ""und"", ""2010"", ""wurde"", ""der"", ""Kläger"", ""ausdrücklich"", ""als"", ""extremistisch"", ""bezeichnet"", "","", ""ohne"", ""dass"", ""er"", ""verwaltungsgerichtlich"", ""gegen"", ""diese"", ""Benennung"", ""vorgegangen"", ""ist"", ""("", ""zum"", ""einstweiligen"", ""Rechtsschutz"", ""vgl."", ""Bayerischer"", ""Verwaltungsgerichtshof"", "","", ""Beschluss"", ""vom"", ""16."", ""Juli"", ""2010"", ""10"", ""CE"", ""10.1201"", "","", ""juris"", "","", ""Leitsatz"", ""in"", ""Die"", ""öffentliche"", ""Verwaltung"", ""2012"", "","", ""77"", "")"", ""."" ]","[ 38, 38, 38, 38, 38, 38, 38, 38, 38, 38, 38, 38, 38, 38, 38, 38, 38, 38, 38, 38, 38, 38, 38, 38, 38, 38, 38, 38, 38, 38, 38, 38, 38, 38, 38, 38, 12, 31, 31, 31, 31, 31, 31, 31, 31, 31, 31, 31, 31, 31, 31, 31, 31, 31, 31, 31, 31, 31, 38, 38 ]","[ 14, 14, 14, 14, 14, 14, 14, 14, 14, 14, 14, 14, 14, 14, 14, 14, 14, 14, 14, 14, 14, 14, 14, 14, 14, 14, 14, 14, 14, 14, 14, 14, 14, 14, 14, 14, 6, 13, 13, 13, 13, 13, 13, 13, 13, 13, 13, 13, 13, 13, 13, 13, 13, 13, 13, 13, 13, 13, 14, 14 ]"
"""56""","[ ""Betreuungssache"", "":"", ""Voraussetzungen"", ""der"", ""Bestellung"", ""eines"", ""Notanwalts"" ]","[ 38, 38, 38, 38, 38, 38, 38 ]","[ 14, 14, 14, 14, 14, 14, 14 ]"
"""57""","[ ""Dass"", ""insoweit"", "","", ""als"", ""die"", ""Beklagte"", ""Verrechnungen"", ""vornahm"", "","", ""Beiträge"", ""der"", ""Schuldnerin"", ""offen"", ""standen"", "","", ""hat"", ""der"", ""Kläger"", ""nicht"", ""in"", ""Abrede"", ""gestellt"", ""."" ]","[ 38, 38, 38, 38, 38, 38, 38, 38, 38, 38, 38, 38, 38, 38, 38, 38, 38, 38, 38, 38, 38, 38, 38 ]","[ 14, 14, 14, 14, 14, 14, 14, 14, 14, 14, 14, 14, 14, 14, 14, 14, 14, 14, 14, 14, 14, 14, 14 ]"
"""58""","[ ""Ob"", ""die"", ""Beklagte"", ""verpflichtet"", ""ist"", "","", ""die"", ""Betriebsrente"", ""des"", ""Klägers"", ""zu"", ""den"", ""Stichtagen"", ""1."", ""Januar"", ""2010"", ""und"", ""1."", ""Januar"", ""2013"", ""anzupassen"", "","", ""kann"", ""der"", ""Senat"", ""auf"", ""der"", ""Grundlage"", ""der"", ""bisherigen"", ""Feststellungen"", ""des"", ""Landesarbeitsgerichts"", ""nicht"", ""abschließend"", ""beurteilen"", ""."" ]","[ 38, 38, 38, 38, 38, 38, 38, 38, 38, 38, 38, 38, 38, 38, 38, 38, 38, 38, 38, 38, 38, 38, 38, 38, 38, 38, 38, 38, 38, 38, 38, 38, 38, 38, 38, 38, 38 ]","[ 14, 14, 14, 14, 14, 14, 14, 14, 14, 14, 14, 14, 14, 14, 14, 14, 14, 14, 14, 14, 14, 14, 14, 14, 14, 14, 14, 14, 14, 14, 14, 14, 14, 14, 14, 14, 14 ]"
"""59""","[ ""Mit"", ""der"", ""vom"", ""Landesarbeitsgericht"", ""zugelassenen"", ""Revision"", ""verfolgt"", ""der"", ""Kläger"", ""seinen"", ""Klageanspruch"", ""weiter"", ""."" ]","[ 38, 38, 38, 38, 38, 38, 38, 38, 38, 38, 38, 38, 38 ]","[ 14, 14, 14, 14, 14, 14, 14, 14, 14, 14, 14, 14, 14 ]"
"""60""","[ ""Zweck-"", "","", ""Wirkungs-"", ""oder"", ""Funktionsangaben"", ""können"", ""als"", ""Bestandteile"", ""eines"", ""Patentanspruchs"", ""an"", ""dessen"", ""Aufgabe"", ""teilnehmen"", "","", ""den"", ""geschützten"", ""Gegenstand"", ""gegenüber"", ""dem"", ""Stand"", ""der"", ""Technik"", ""abzugrenzen"", "","", ""wenn"", ""sie"", ""das"", ""Vorrichtungselement"", "","", ""auf"", ""das"", ""sie"", ""sich"", ""beziehen"", "","", ""als"", ""ein"", ""solches"", ""definieren"", "","", ""das"", ""so"", ""ausgebildet"", ""sein"", ""muss"", "","", ""dass"", ""es"", ""die"", ""betreffende"", ""Funktion"", ""erfüllen"", ""kann"", ""("", ""BGH"", "","", ""Urteil"", ""vom"", ""7."", ""Juni"", ""2006"", ""–"", ""X"", ""ZR"", ""10504"", ""–"", "","", ""juris"", "","", ""Luftabscheider"", ""für"", ""Milchsammelanlage"", ""in"", ""Fortführung"", ""von"", ""BGH"", "","", ""12."", ""Juli"", ""1990"", "","", ""X"", ""ZR"", ""12188"", "","", ""BGHZ"", ""112"", "","", ""140"", "","", ""155"", ""f."", ""–"", ""Befestigungsvorrichtung"", ""II"", ""und"", ""Urteil"", ""vom"", ""7."", ""November"", ""1978"", ""–"", ""X"", ""ZR"", ""5877"", "","", ""GRUR"", ""1979"", "","", ""149"", "","", ""151"", ""–"", ""Schießbolzen"", "")"", ""."" ]","[ 38, 38, 38, 38, 38, 38, 38, 38, 38, 38, 38, 38, 38, 38, 38, 38, 38, 38, 38, 38, 38, 38, 38, 38, 38, 38, 38, 38, 38, 38, 38, 38, 38, 38, 38, 38, 38, 38, 38, 38, 38, 38, 38, 38, 38, 38, 38, 38, 38, 38, 38, 38, 38, 38, 38, 12, 31, 31, 31, 31, 31, 31, 31, 31, 31, 31, 31, 31, 31, 31, 31, 31, 31, 38, 38, 38, 12, 31, 31, 31, 31, 31, 31, 31, 31, 31, 31, 31, 31, 31, 31, 31, 31, 31, 31, 31, 31, 31, 31, 31, 31, 31, 31, 31, 31, 31, 31, 31, 31, 31, 31, 31, 31, 31, 31, 38, 38 ]","[ 14, 14, 14, 14, 14, 14, 14, 14, 14, 14, 14, 14, 14, 14, 14, 14, 14, 14, 14, 14, 14, 14, 14, 14, 14, 14, 14, 14, 14, 14, 14, 14, 14, 14, 14, 14, 14, 14, 14, 14, 14, 14, 14, 14, 14, 14, 14, 14, 14, 14, 14, 14, 14, 14, 14, 6, 13, 13, 13, 13, 13, 13, 13, 13, 13, 13, 13, 13, 13, 13, 13, 13, 13, 14, 14, 14, 6, 13, 13, 13, 13, 13, 13, 13, 13, 13, 13, 13, 13, 13, 13, 13, 13, 13, 13, 13, 13, 13, 13, 13, 13, 13, 13, 13, 13, 13, 13, 13, 13, 13, 13, 13, 13, 13, 13, 14, 14 ]"
"""61""","[ ""Die"", ""entsprechenden"", ""Bestimmungen"", ""von"", ""Satzung"", ""und"", ""Verteilungsplänen"", ""seien"", ""gemäß"", ""§"", ""307"", ""Abs."", ""1"", ""Satz"", ""1"", "","", ""Abs."", ""2"", ""Nr."", ""1"", ""BGB"", ""unwirksam"", ""("", ""vgl."", ""BGHZ"", ""210"", "","", ""77"", ""<"", ""86"", ""Rn."", ""25"", "">"", "")"", ""."" ]","[ 38, 38, 38, 38, 38, 38, 38, 38, 38, 3, 22, 22, 22, 22, 22, 22, 22, 22, 22, 22, 22, 38, 38, 38, 12, 31, 31, 31, 31, 31, 31, 31, 31, 38, 38 ]","[ 14, 14, 14, 14, 14, 14, 14, 14, 14, 2, 9, 9, 9, 9, 9, 9, 9, 9, 9, 9, 9, 14, 14, 14, 6, 13, 13, 13, 13, 13, 13, 13, 13, 14, 14 ]"
"""62""","[ ""Dies"", ""gilt"", ""auch"", ""nach"", ""dem"", ""Inkrafttreten"", ""des"", ""Bilanzrechtsmodernisierungsgesetzes"", ""am"", ""29."", ""Mai"", ""2009"", ""("", ""BGBl."", ""I"", ""S."", ""1102"", "")"", ""."" ]","[ 38, 38, 38, 38, 38, 38, 38, 3, 22, 22, 22, 22, 22, 22, 22, 22, 22, 22, 38 ]","[ 14, 14, 14, 14, 14, 14, 14, 2, 9, 9, 9, 9, 9, 9, 9, 9, 9, 9, 14 ]"
"""63""","[ ""Die"", ""Klägerin"", ""hat"", ""die"", ""Fahrkosten"", ""nach"", ""Aufnahme"", ""des"", ""BFD"", ""bereits"", ""auf"", ""4641,29"", ""Euro"", ""beziffert"", ""und"", ""diesen"", ""Betrag"", ""trotz"", ""angegebener"", ""Krankheitszeiten"", ""zu"", ""Beginn"", ""des"", ""BFD"", ""nicht"", ""korrigiert"", "","", ""sodass"", ""der"", ""Wert"", ""des"", ""Beschwerdegegenstandes"", ""750"", ""Euro"", ""("", ""vgl"", ""§"", ""144"", ""Abs"", ""1"", ""Nr"", ""1"", ""SGG"", "")"", ""übersteigt"", ""."" ]","[ 38, 38, 38, 38, 38, 38, 38, 38, 38, 38, 38, 38, 38, 38, 38, 38, 38, 38, 38, 38, 38, 38, 38, 38, 38, 38, 38, 38, 38, 38, 38, 38, 38, 38, 38, 38, 3, 22, 22, 22, 22, 22, 22, 38, 38, 38 ]","[ 14, 14, 14, 14, 14, 14, 14, 14, 14, 14, 14, 14, 14, 14, 14, 14, 14, 14, 14, 14, 14, 14, 14, 14, 14, 14, 14, 14, 14, 14, 14, 14, 14, 14, 14, 14, 2, 9, 9, 9, 9, 9, 9, 14, 14, 14 ]"
"""64""","[ ""Jedoch"", ""besteht"", ""nach"", ""der"", ""Rechtsprechung"", ""des"", ""Bundesgerichtshofs"", ""ein"", ""für"", ""die"", ""Strafzumessung"", ""maßgebliches"", ""Stufenverhältnis"", ""von"", ""so"", ""genannten"", ""harten"", ""Drogen"", ""wie"", ""Heroin"", ""oder"", ""Kokain"", ""über"", ""Amphetamin"", "","", ""das"", ""auf"", ""der"", ""Gefährlichkeitsskala"", ""einen"", ""mittleren"", ""Platz"", ""einnimmt"", "","", ""bis"", ""hin"", ""zu"", ""so"", ""genannten"", ""weichen"", ""Drogen"", ""wie"", ""Cannabis"", ""("", ""vgl."", ""BGH"", "","", ""Beschluss"", ""vom"", ""15."", ""Juni"", ""2016"", ""-"", ""1"", ""StR"", ""7216"", "","", ""NStZ-RR"", ""2016"", "","", ""313"", "","", ""314"", "")"", ""."" ]","[ 38, 38, 38, 38, 38, 38, 2, 38, 38, 38, 38, 38, 38, 38, 38, 38, 38, 38, 38, 38, 38, 38, 38, 38, 38, 38, 38, 38, 38, 38, 38, 38, 38, 38, 38, 38, 38, 38, 38, 38, 38, 38, 38, 38, 38, 12, 31, 31, 31, 31, 31, 31, 31, 31, 31, 31, 31, 31, 31, 31, 31, 31, 31, 38, 38 ]","[ 14, 14, 14, 14, 14, 14, 3, 14, 14, 14, 14, 14, 14, 14, 14, 14, 14, 14, 14, 14, 14, 14, 14, 14, 14, 14, 14, 14, 14, 14, 14, 14, 14, 14, 14, 14, 14, 14, 14, 14, 14, 14, 14, 14, 14, 6, 13, 13, 13, 13, 13, 13, 13, 13, 13, 13, 13, 13, 13, 13, 13, 13, 13, 14, 14 ]"
"""65""","[ ""d"", "")"", ""Auch"", ""eine"", ""systematische"", ""Auslegung"", ""der"", ""Art."", ""92"", ""und"", ""97"", ""GG"", ""unter"", ""Einbeziehung"", ""der"", ""aus"", ""Art."", ""33"", ""Abs."", ""5"", ""GG"", ""ableitbaren"", ""hergebrachten"", ""Grundsätze"", ""des"", ""Richteramtsrechts"", ""führt"", ""nicht"", ""zu"", ""dem"", ""Ergebnis"", "","", ""dass"", ""alle"", ""Berufsrichter"", ""von"", ""Verfassungs"", ""wegen"", ""auf"", ""Lebenszeit"", ""zu"", ""ernennen"", ""wären"", ""."" ]","[ 38, 38, 38, 38, 38, 38, 38, 3, 22, 22, 22, 22, 38, 38, 38, 38, 3, 22, 22, 22, 22, 38, 38, 38, 38, 38, 38, 38, 38, 38, 38, 38, 38, 38, 38, 38, 38, 38, 38, 38, 38, 38, 38, 38 ]","[ 14, 14, 14, 14, 14, 14, 14, 2, 9, 9, 9, 9, 14, 14, 14, 14, 2, 9, 9, 9, 9, 14, 14, 14, 14, 14, 14, 14, 14, 14, 14, 14, 14, 14, 14, 14, 14, 14, 14, 14, 14, 14, 14, 14 ]"
"""66""","[ ""Das"", ""FG"", ""ist"", ""zu"", ""Recht"", ""davon"", ""ausgegangen"", "","", ""dass"", ""es"", ""sich"", ""bei"", ""den"", ""von"", ""den"", ""Klägern"", ""eingelösten"", ""Xetra-Gold"", ""Inhaberschuldverschreibungen"", ""nicht"", ""um"", ""Kapitalforderungen"", ""i."", ""S."", ""des"", ""§"", ""20"", ""Abs."", ""2"", ""Satz"", ""1"", ""Nr."", ""7"", ""i."", ""V."", ""m."", ""Abs."", ""1"", ""Nr."", ""7"", ""EStG"", ""handelt"", ""("", ""s."", ""unter"", ""1."", "")"", ""und"", ""dass"", ""die"", ""Kläger"", ""durch"", ""die"", ""innerhalb"", ""eines"", ""Jahres"", ""nach"", ""dem"", ""Erwerb"", ""dieser"", ""Inhaberschuldverschreibungen"", ""erfolgten"", ""Einlösungen"", ""und"", ""Auslieferungen"", ""des"", ""physischen"", ""Goldes"", ""keine"", ""Veräußerungen"", ""i."", ""S."", ""des"", ""§"", ""22"", ""Nr."", ""2"", ""EStG"", ""i."", ""V."", ""m."", ""§"", ""23"", ""Abs."", ""1"", ""Satz"", ""1"", ""Nr."", ""2"", ""EStG"", ""verwirklicht"", ""haben"", ""("", ""s."", ""unter"", ""2."", "")"", ""."" ]","[ 38, 38, 38, 38, 38, 38, 38, 38, 38, 38, 38, 38, 38, 38, 38, 38, 38, 38, 38, 38, 38, 38, 38, 38, 38, 3, 22, 22, 22, 22, 22, 22, 22, 22, 22, 22, 22, 22, 22, 22, 22, 38, 38, 38, 38, 38, 38, 38, 38, 38, 38, 38, 38, 38, 38, 38, 38, 38, 38, 38, 38, 38, 38, 38, 38, 38, 38, 38, 38, 38, 38, 38, 38, 3, 22, 22, 22, 22, 38, 38, 38, 3, 22, 22, 22, 22, 22, 22, 22, 22, 38, 38, 38, 38, 38, 38, 38, 38 ]","[ 14, 14, 14, 14, 14, 14, 14, 14, 14, 14, 14, 14, 14, 14, 14, 14, 14, 14, 14, 14, 14, 14, 14, 14, 14, 2, 9, 9, 9, 9, 9, 9, 9, 9, 9, 9, 9, 9, 9, 9, 9, 14, 14, 14, 14, 14, 14, 14, 14, 14, 14, 14, 14, 14, 14, 14, 14, 14, 14, 14, 14, 14, 14, 14, 14, 14, 14, 14, 14, 14, 14, 14, 14, 2, 9, 9, 9, 9, 14, 14, 14, 2, 9, 9, 9, 9, 9, 9, 9, 9, 14, 14, 14, 14, 14, 14, 14, 14 ]"
"""67""","[ ""("", ""1"", "")"", ""Die"", ""Tarifvertragsparteien"", ""haben"", ""im"", ""TV"", ""ERA-APF"", ""die"", ""Verfügungsmacht"", ""des"", ""Arbeitgebers"", ""über"", ""die"", ""dem"", ""ERA-Konto"", ""zuzuführenden"", ""Beträge"", ""nicht"", ""eingeschränkt"", ""."" ]","[ 38, 38, 38, 38, 38, 38, 38, 18, 37, 38, 38, 38, 38, 38, 38, 38, 38, 38, 38, 38, 38, 38 ]","[ 14, 14, 14, 14, 14, 14, 14, 5, 12, 14, 14, 14, 14, 14, 14, 14, 14, 14, 14, 14, 14, 14 ]"
"""68""","[ ""Er"", ""leidet"", ""an"", ""einer"", ""Gehbehinderung"", "";"", ""der"", ""Grad"", ""der"", ""Behinderung"", ""beträgt"", ""100"", ""v."", ""H."", ""Schwerbehinderte"", ""Menschen"", ""mit"", ""einem"", ""Grad"", ""der"", ""Behinderung"", ""von"", ""nicht"", ""nur"", ""vorübergehend"", ""wenigstens"", ""80"", ""v."", ""H."", ""waren"", ""bis"", ""Ende"", ""2012"", ""von"", ""der"", ""Rundfunkgebührenpflicht"", ""befreit"", "","", ""wenn"", ""sie"", ""behinderungsbedingt"", ""ständig"", ""nicht"", ""an"", ""öffentlichen"", ""Veranstaltungen"", ""teilnehmen"", ""konnten"", ""."" ]","[ 38, 38, 38, 38, 38, 38, 38, 38, 38, 38, 38, 38, 38, 38, 38, 38, 38, 38, 38, 38, 38, 38, 38, 38, 38, 38, 38, 38, 38, 38, 38, 38, 38, 38, 38, 38, 38, 38, 38, 38, 38, 38, 38, 38, 38, 38, 38, 38, 38 ]","[ 14, 14, 14, 14, 14, 14, 14, 14, 14, 14, 14, 14, 14, 14, 14, 14, 14, 14, 14, 14, 14, 14, 14, 14, 14, 14, 14, 14, 14, 14, 14, 14, 14, 14, 14, 14, 14, 14, 14, 14, 14, 14, 14, 14, 14, 14, 14, 14, 14 ]"
"""69""","[ ""Diese"", ""Vorgabe"", ""liefe"", ""leer"", "","", ""wenn"", ""Aufgabegewinne"", ""zwar"", ""dem"", ""Arbeitseinkommen"", ""zugeordnet"", ""würden"", "","", ""sie"", ""aber"", ""bei"", ""der"", ""Beitragserhebung"", ""unberücksichtigt"", ""blieben"", "","", ""weil"", ""man"", ""diese"", ""über"", ""§"", ""5"", ""Abs"", ""2"", ""S"", ""2"", ""BeitrVerfGrsSz"", ""nur"", ""solchen"", ""Beitragsmonaten"", ""zuordnen"", ""könnte"", "","", ""in"", ""denen"", ""der"", ""Leistungsberechtigte"", ""tatsächlich"", ""noch"", ""selbstständig"", ""tätig"", ""ist"", ""."" ]","[ 38, 38, 38, 38, 38, 38, 38, 38, 38, 38, 38, 38, 38, 38, 38, 38, 38, 38, 38, 38, 38, 38, 38, 38, 38, 17, 36, 36, 36, 36, 36, 36, 38, 38, 38, 38, 38, 38, 38, 38, 38, 38, 38, 38, 38, 38, 38, 38 ]","[ 14, 14, 14, 14, 14, 14, 14, 14, 14, 14, 14, 14, 14, 14, 14, 14, 14, 14, 14, 14, 14, 14, 14, 14, 14, 5, 12, 12, 12, 12, 12, 12, 14, 14, 14, 14, 14, 14, 14, 14, 14, 14, 14, 14, 14, 14, 14, 14 ]"
"""70""","[ ""Die"", ""Tariffähigkeit"", ""ist"", ""Voraussetzung"", "","", ""um"", ""einen"", ""wirksamen"", ""Tarifvertrag"", ""iSd."", ""§"", ""1"", ""Abs."", ""1"", ""TVG"", ""abschließen"", ""zu"", ""können"", ""("", ""BAG"", ""14."", ""Dezember"", ""2010"", ""-"", ""1"", ""ABR"", ""1910"", ""-"", ""Rn."", ""64"", "","", ""BAGE"", ""136"", "","", ""302"", "")"", ""."" ]","[ 38, 38, 38, 38, 38, 38, 38, 38, 38, 38, 3, 22, 22, 22, 22, 38, 38, 38, 38, 12, 31, 31, 31, 31, 31, 31, 31, 31, 31, 31, 31, 31, 31, 31, 31, 38, 38 ]","[ 14, 14, 14, 14, 14, 14, 14, 14, 14, 14, 2, 9, 9, 9, 9, 14, 14, 14, 14, 6, 13, 13, 13, 13, 13, 13, 13, 13, 13, 13, 13, 13, 13, 13, 13, 14, 14 ]"
"""71""","[ ""Das"", ""Landgericht"", ""hat"", ""die"", ""Angeklagte"", ""wegen"", ""Diebstahls"", ""in"", ""zwei"", ""Fällen"", ""und"", ""Sachbeschädigung"", ""zu"", ""einer"", ""Gesamtfreiheitsstrafe"", ""von"", ""130"", ""Tagessätzen"", ""zu"", ""je"", ""10"", ""Euro"", ""verurteilt"", ""."" ]","[ 38, 38, 38, 38, 38, 38, 38, 38, 38, 38, 38, 38, 38, 38, 38, 38, 38, 38, 38, 38, 38, 38, 38, 38 ]","[ 14, 14, 14, 14, 14, 14, 14, 14, 14, 14, 14, 14, 14, 14, 14, 14, 14, 14, 14, 14, 14, 14, 14, 14 ]"
"""72""","[ ""Zulässig"", ""ist"", ""sie"", ""aber"", ""gemäß"", ""§"", ""574"", ""Abs."", ""2"", ""ZPO"", ""nur"", "","", ""wenn"", ""auch"", ""die"", ""dort"", ""bestimmten"", ""weiteren"", ""Voraussetzungen"", ""gegeben"", ""sind"", ""."" ]","[ 38, 38, 38, 38, 38, 3, 22, 22, 22, 22, 38, 38, 38, 38, 38, 38, 38, 38, 38, 38, 38, 38 ]","[ 14, 14, 14, 14, 14, 2, 9, 9, 9, 9, 14, 14, 14, 14, 14, 14, 14, 14, 14, 14, 14, 14 ]"
"""73""","[ ""Durch"", ""eine"", ""forstwirtschaftliche"", ""Bewirtschaftung"", ""wird"", ""weder"", ""eine"", ""Zerstörung"", ""noch"", ""eine"", ""erhebliche"", ""Beeinträchtigung"", ""iS"", ""des"", ""§"", ""30"", ""BNatSchG"", ""zwingend"", ""verursacht"", ""."" ]","[ 38, 38, 38, 38, 38, 38, 38, 38, 38, 38, 38, 38, 38, 38, 3, 22, 22, 38, 38, 38 ]","[ 14, 14, 14, 14, 14, 14, 14, 14, 14, 14, 14, 14, 14, 14, 2, 9, 9, 14, 14, 14 ]"
"""74""","[ ""1."", ""1."", ""Die"", ""Widerspruchsmarke"", ""ist"", ""im"", ""Hinblick"", ""auf"", ""den"", ""größten"", ""Teil"", ""der"", ""beanspruchten"", ""Waren"", ""und"", ""Dienstleistungen"", ""unterdurchschnittlich"", ""kennzeichnungskräftig"", ""."" ]","[ 38, 38, 38, 38, 38, 38, 38, 38, 38, 38, 38, 38, 38, 38, 38, 38, 38, 38, 38 ]","[ 14, 14, 14, 14, 14, 14, 14, 14, 14, 14, 14, 14, 14, 14, 14, 14, 14, 14, 14 ]"
"""75""","[ ""§"", ""40"", ""Abs."", ""1a"", ""LFGB"", ""verpflichtet"", ""die"", ""Behörden"", "","", ""der"", ""Öffentlichkeit"", ""lebensmittel-"", ""und"", ""futtermittelrechtliche"", ""Verstöße"", ""von"", ""Unternehmen"", ""umfassend"", ""und"", ""in"", ""unternehmensspezifisch"", ""individualisierter"", ""Form"", ""mitzuteilen"", ""."" ]","[ 3, 22, 22, 22, 22, 38, 38, 38, 38, 38, 38, 38, 38, 38, 38, 38, 38, 38, 38, 38, 38, 38, 38, 38, 38 ]","[ 2, 9, 9, 9, 9, 14, 14, 14, 14, 14, 14, 14, 14, 14, 14, 14, 14, 14, 14, 14, 14, 14, 14, 14, 14 ]"
"""76""","[ ""a"", "")"", ""Bei"", ""den"", ""beschwerdegegenständlichen"", ""Waren"", ""handelt"", ""es"", ""sich"", ""um"", ""solche"", "","", ""die"", ""auf"", ""Verbraucherseite"", ""breite"", ""Verkehrskreise"", ""aus"", ""dem"", ""Bereich"", ""Heimwerker"", ""und"", ""Maler"", ""und"", ""in"", ""diesen"", ""Bereichen"", ""tätige"", ""Fachkreise"", ""ansprechen"", ""."" ]","[ 38, 38, 38, 38, 38, 38, 38, 38, 38, 38, 38, 38, 38, 38, 38, 38, 38, 38, 38, 38, 38, 38, 38, 38, 38, 38, 38, 38, 38, 38, 38 ]","[ 14, 14, 14, 14, 14, 14, 14, 14, 14, 14, 14, 14, 14, 14, 14, 14, 14, 14, 14, 14, 14, 14, 14, 14, 14, 14, 14, 14, 14, 14, 14 ]"
"""77""","[ ""I."", ""Die"", ""Anmelderin"", ""hat"", ""am"", ""27."", ""Mai"", ""2015"", ""beim"", ""Deutschen"", ""Patent-"", ""und"", ""Markenamt"", ""beantragt"", "","", ""die"", ""Bezeichnung"", ""DUO"", ""als"", ""Wortmarke"", ""für"", ""\"""", ""Wand-"", ""und"", ""Deckenschalungen"", ""aus"", ""Kunststoff"", ""\"""", ""("", ""Klasse"", ""19"", "")"", ""in"", ""das"", ""Markenregister"", ""einzutragen"", ""."" ]","[ 38, 38, 38, 38, 38, 38, 38, 38, 38, 4, 23, 23, 23, 38, 38, 38, 38, 8, 38, 38, 38, 38, 38, 38, 38, 38, 38, 38, 38, 38, 38, 38, 38, 38, 38, 38, 38 ]","[ 14, 14, 14, 14, 14, 14, 14, 14, 14, 3, 10, 10, 10, 14, 14, 14, 14, 3, 14, 14, 14, 14, 14, 14, 14, 14, 14, 14, 14, 14, 14, 14, 14, 14, 14, 14, 14 ]"
"""78""","[ ""Aus"", ""fachmännischer"", ""Sicht"", ""ist"", ""das"", ""Pleuel"", ""17"", ""mit"", ""seinen"", ""Anlenkstellen"", ""18"", ""und"", ""19"", ""als"", ""eigenständiges"", "","", ""gelenkiges"", ""Übertragungsglied"", ""zur"", ""Entkopplung"", ""der"", ""Drehbewegungen"", ""der"", ""Rahmen"", ""21"", "","", ""22"", ""unverzichtbar"", ""."" ]","[ 38, 38, 38, 38, 38, 38, 38, 38, 38, 38, 38, 38, 38, 38, 38, 38, 38, 38, 38, 38, 38, 38, 38, 38, 38, 38, 38, 38, 38 ]","[ 14, 14, 14, 14, 14, 14, 14, 14, 14, 14, 14, 14, 14, 14, 14, 14, 14, 14, 14, 14, 14, 14, 14, 14, 14, 14, 14, 14, 14 ]"
"""79""","[ ""c"", "")"", ""Aus"", ""der"", ""Protokollnotiz"", ""zu"", ""§"", ""11"", ""Abs."", ""2"", ""Satz"", ""2"", ""TV-Ärzte"", ""Hessen"", ""ergibt"", ""sich"", ""entgegen"", ""der"", ""Ansicht"", ""des"", ""beklagten"", ""Landes"", ""nichts"", ""anderes"", ""."" ]","[ 38, 38, 38, 38, 38, 38, 18, 37, 37, 37, 37, 37, 37, 37, 38, 38, 38, 38, 38, 38, 38, 38, 38, 38, 38 ]","[ 14, 14, 14, 14, 14, 14, 5, 12, 12, 12, 12, 12, 12, 12, 14, 14, 14, 14, 14, 14, 14, 14, 14, 14, 14 ]"
"""80""","[ ""bb"", "")"", ""Die"", ""Frage"", "":"" ]","[ 38, 38, 38, 38, 38 ]","[ 14, 14, 14, 14, 14 ]"
"""81""","[ ""c"", "")"", ""Bestätigt"", ""wird"", ""dieses"", ""Auslegungsergebnis"", ""nicht"", ""zuletzt"", ""durch"", ""Art."", ""18"", ""Abs."", ""3"", ""Buchst."", ""a"", "","", ""b"", ""und"", ""d"", ""DBA-Kanada"", ""2001"", ""."" ]","[ 38, 38, 38, 38, 38, 38, 38, 38, 38, 1, 20, 20, 20, 20, 20, 20, 20, 20, 20, 20, 20, 38 ]","[ 14, 14, 14, 14, 14, 14, 14, 14, 14, 2, 9, 9, 9, 9, 9, 9, 9, 9, 9, 9, 9, 14 ]"
"""82""","[ ""Die"", ""Aufsichtsbehörden"", ""dürften"", ""in"", ""diesem"", ""Sinne"", ""allgemeine"", ""Bewertungsmaßstäbe"", ""entwickeln"", ""."" ]","[ 38, 38, 38, 38, 38, 38, 38, 38, 38, 38 ]","[ 14, 14, 14, 14, 14, 14, 14, 14, 14, 14 ]"
"""83""","[ ""bb"", "")"", ""Auch"", ""ein"", ""bewusstes"", ""Abweichen"", ""ohne"", ""Vorlagebereitschaft"", ""liegt"", ""nicht"", ""vor"", ""."" ]","[ 38, 38, 38, 38, 38, 38, 38, 38, 38, 38, 38, 38 ]","[ 14, 14, 14, 14, 14, 14, 14, 14, 14, 14, 14, 14 ]"
"""84""","[ ""Durch"", ""diese"", ""Vertragsbestimmungen"", ""sehen"", ""die"", ""Klägerinnen"", ""sich"", ""in"", ""ihren"", ""aufgrund"", ""der"", ""Systemfeststellung"", ""begründeten"", ""Rechtspositionen"", ""verletzt"", ""und"", ""wenden"", ""sich"", ""mit"", ""ihrer"", ""Klage"", ""zum"", ""Verwaltungsgericht"", ""gegen"", ""deren"", ""Durchführung"", ""."" ]","[ 38, 38, 38, 38, 38, 38, 38, 38, 38, 38, 38, 38, 38, 38, 38, 38, 38, 38, 38, 38, 38, 38, 38, 38, 38, 38, 38 ]","[ 14, 14, 14, 14, 14, 14, 14, 14, 14, 14, 14, 14, 14, 14, 14, 14, 14, 14, 14, 14, 14, 14, 14, 14, 14, 14, 14 ]"
"""85""","[ ""Die"", ""Zeichen"", ""seien"", ""zudem"", ""unterschiedlich"", ""lang"", ""."" ]","[ 38, 38, 38, 38, 38, 38, 38 ]","[ 14, 14, 14, 14, 14, 14, 14 ]"
"""86""","[ ""Das"", ""Revisionsgericht"", ""darf"", ""bei"", ""einer"", ""unterlassenen"", ""oder"", ""fehlerhaften"", ""Auslegung"", ""atypischer"", ""Willenserklärungen"", ""nur"", ""dann"", ""selbst"", ""auslegen"", "","", ""wenn"", ""das"", ""Landesarbeitsgericht"", ""den"", ""erforderlichen"", ""Sachverhalt"", ""vollständig"", ""festgestellt"", ""hat"", ""und"", ""kein"", ""weiteres"", ""tatsächliches"", ""Vorbringen"", ""der"", ""Parteien"", ""zu"", ""erwarten"", ""ist"", ""("", ""st."", ""Rspr."", "","", ""vgl."", ""nur"", ""BAG"", ""24."", ""September"", ""2014"", ""-"", ""5"", ""AZR"", ""61112"", ""-"", ""Rn."", ""30"", ""mwN"", "","", ""aaO"", "")"", ""."" ]","[ 38, 38, 38, 38, 38, 38, 38, 38, 38, 38, 38, 38, 38, 38, 38, 38, 38, 38, 38, 38, 38, 38, 38, 38, 38, 38, 38, 38, 38, 38, 38, 38, 38, 38, 38, 38, 38, 38, 38, 38, 38, 12, 31, 31, 31, 31, 31, 31, 31, 31, 31, 31, 31, 31, 31, 38, 38 ]","[ 14, 14, 14, 14, 14, 14, 14, 14, 14, 14, 14, 14, 14, 14, 14, 14, 14, 14, 14, 14, 14, 14, 14, 14, 14, 14, 14, 14, 14, 14, 14, 14, 14, 14, 14, 14, 14, 14, 14, 14, 14, 6, 13, 13, 13, 13, 13, 13, 13, 13, 13, 13, 13, 13, 13, 14, 14 ]"
"""87""","[ ""Die"", ""Voraussetzungen"", ""des"", ""§"", ""93a"", ""Abs."", ""2"", ""BVerfGG"", ""liegen"", ""nicht"", ""vor"", ""."" ]","[ 38, 38, 38, 3, 22, 22, 22, 22, 38, 38, 38, 38 ]","[ 14, 14, 14, 2, 9, 9, 9, 9, 14, 14, 14, 14 ]"
"""88""","[ ""Dr."", ""Bußmann"" ]","[ 38, 11 ]","[ 14, 4 ]"
"""89""","[ ""In"", ""der"", ""Beschwerdesache"", ""betreffend"", ""die"", ""Patentanmeldung"", ""10"", ""2009"", ""003"", ""162.6"", ""hat"", ""der"", ""14."", ""Senat"", ""("", ""Technischer"", ""Beschwerdesenat"", "")"", ""des"", ""Bundespatentgerichts"", ""in"", ""der"", ""Sitzung"", ""vom"", ""1."", ""Februar"", ""2018"", ""unter"", ""Mitwirkung"", ""des"", ""Vorsitzenden"", ""Richters"", ""Dr."", ""Maksymiw"", ""und"", ""der"", ""Richter"", ""Schell"", ""und"", ""Dr."", ""Jäger"", ""sowie"", ""der"", ""Richterin"", ""Dr."", ""Wagner"", ""beschlossen"", "":"" ]","[ 38, 38, 38, 38, 38, 38, 38, 38, 38, 38, 38, 38, 2, 21, 21, 21, 21, 21, 21, 21, 38, 38, 38, 38, 38, 38, 38, 38, 38, 38, 38, 38, 38, 11, 38, 38, 38, 11, 38, 38, 11, 38, 38, 38, 38, 11, 38, 38 ]","[ 14, 14, 14, 14, 14, 14, 14, 14, 14, 14, 14, 14, 3, 10, 10, 10, 10, 10, 10, 10, 14, 14, 14, 14, 14, 14, 14, 14, 14, 14, 14, 14, 14, 4, 14, 14, 14, 4, 14, 14, 4, 14, 14, 14, 14, 4, 14, 14 ]"
"""90""","[ ""Dabei"", ""entspricht"", ""der"", ""notwendige"", ""Lebensunterhalt"", ""in"", ""stationären"", ""Einrichtungen"", ""dem"", ""Umfang"", ""der"", ""Bedarfe"", ""nach"", ""den"", ""Regelbedarfsstufen"", ""zu"", ""§"", ""28"", ""SGB"", ""XII"", "","", ""zusätzlicher"", ""Bedarfe"", ""nach"", ""dem"", ""zweiten"", ""Abschnitt"", ""des"", ""dritten"", ""Kapitels"", ""des"", ""SGB"", ""XII"", ""und"", ""der"", ""Bedarfe"", ""für"", ""Unterkunft"", ""und"", ""Heizung"", ""("", ""vgl"", ""§"", ""27b"", ""Abs"", ""1"", ""Satz"", ""2"", ""SGB"", ""XII"", "")"", ""."" ]","[ 38, 38, 38, 38, 38, 38, 38, 38, 38, 38, 38, 38, 38, 38, 38, 38, 3, 22, 22, 22, 38, 38, 38, 38, 38, 3, 22, 22, 22, 22, 22, 22, 22, 38, 38, 38, 38, 38, 38, 38, 38, 38, 3, 22, 22, 22, 22, 22, 22, 22, 38, 38 ]","[ 14, 14, 14, 14, 14, 14, 14, 14, 14, 14, 14, 14, 14, 14, 14, 14, 2, 9, 9, 9, 14, 14, 14, 14, 14, 2, 9, 9, 9, 9, 9, 9, 9, 14, 14, 14, 14, 14, 14, 14, 14, 14, 2, 9, 9, 9, 9, 9, 9, 9, 14, 14 ]"
"""91""","[ ""Der"", ""angemeldeten"", ""Bezeichnung"", ""kommt"", ""in"", ""diesem"", ""Kontext"", ""nicht"", ""lediglich"", ""eine"", ""werktitelartige"", ""Funktion"", ""zu"", ""."" ]","[ 38, 38, 38, 38, 38, 38, 38, 38, 38, 38, 38, 38, 38, 38 ]","[ 14, 14, 14, 14, 14, 14, 14, 14, 14, 14, 14, 14, 14, 14 ]"
"""92""","[ ""Rechtsgrundlage"", ""der"", ""Beitragsbemessung"", ""sind"", ""die"", ""vom"", ""GKV-Spitzenverband"", ""auf"", ""Grundlage"", ""des"", ""§"", ""240"", ""Abs"", ""1"", ""S"", ""1"", ""SGB"", ""V"", ""erlassenen"", ""BeitrVerfGrsSz"", ""("", ""vom"", ""27."", ""10."", ""2008"", "","", ""eBAnz"", ""VB"", ""4."", ""11."", ""2008"", "";"", ""hier"", ""idF"", ""der"", ""Fünften"", ""Änderung"", ""vom"", ""23."", ""11."", ""2013"", "","", ""eBAnz"", ""VB"", ""2."", ""12."", ""2013"", "")"", "","", ""denn"", ""es"", ""ist"", ""nicht"", ""ersichtlich"", "","", ""dass"", ""sich"", ""der"", ""Versichertenstatus"", ""des"", ""Klägers"", ""als"", ""freiwilliges"", ""Mitglied"", ""der"", ""zu"", ""1."", ""beklagten"", ""Krankenkasse"", ""nach"", ""Aufgabe"", ""seiner"", ""selbstständigen"", ""Tätigkeit"", ""im"", ""Jahr"", ""2012"", ""geändert"", ""hat"", ""."" ]","[ 38, 38, 38, 38, 38, 38, 38, 38, 38, 38, 3, 22, 22, 22, 22, 22, 22, 22, 38, 17, 36, 36, 36, 36, 36, 36, 36, 36, 36, 36, 36, 36, 36, 36, 36, 36, 36, 36, 36, 36, 36, 36, 36, 36, 36, 36, 36, 36, 38, 38, 38, 38, 38, 38, 38, 38, 38, 38, 38, 38, 38, 38, 38, 38, 38, 38, 38, 38, 38, 38, 38, 38, 38, 38, 38, 38, 38, 38, 38, 38 ]","[ 14, 14, 14, 14, 14, 14, 14, 14, 14, 14, 2, 9, 9, 9, 9, 9, 9, 9, 14, 5, 12, 12, 12, 12, 12, 12, 12, 12, 12, 12, 12, 12, 12, 12, 12, 12, 12, 12, 12, 12, 12, 12, 12, 12, 12, 12, 12, 12, 14, 14, 14, 14, 14, 14, 14, 14, 14, 14, 14, 14, 14, 14, 14, 14, 14, 14, 14, 14, 14, 14, 14, 14, 14, 14, 14, 14, 14, 14, 14, 14 ]"
"""93""","[ ""Sie"", ""hätte"", ""dann"", ""aber"", ""vortragen"", ""müssen"", "","", ""dass"", ""der"", ""BGH"", ""die"", ""aufgeworfene"", ""Fragestellung"", ""entweder"", ""noch"", ""nicht"", ""entschieden"", ""habe"", ""oder"", ""dass"", ""neuer"", ""Klärungsbedarf"", ""auf"", ""der"", ""Basis"", ""bereits"", ""vorhandener"", ""Rechtsprechung"", ""des"", ""BGH"", ""entstanden"", ""sei"", ""."" ]","[ 38, 38, 38, 38, 38, 38, 38, 38, 38, 2, 38, 38, 38, 38, 38, 38, 38, 38, 38, 38, 38, 38, 38, 38, 38, 38, 38, 38, 38, 2, 38, 38, 38 ]","[ 14, 14, 14, 14, 14, 14, 14, 14, 14, 3, 14, 14, 14, 14, 14, 14, 14, 14, 14, 14, 14, 14, 14, 14, 14, 14, 14, 14, 14, 3, 14, 14, 14 ]"
"""94""","[ ""Vielmehr"", ""würden"", ""mit"", ""„"", ""Kontor"", ""“"", ""bezeichnete"", ""Räumlichkeiten"", ""für"", ""kontortypische"", ""Handelsgeschäfte"", ""genutzt"", ""."" ]","[ 38, 38, 38, 38, 38, 38, 38, 38, 38, 38, 38, 38, 38 ]","[ 14, 14, 14, 14, 14, 14, 14, 14, 14, 14, 14, 14, 14 ]"
"""95""","[ ""2."", ""Nach"", ""diesen"", ""Grundsätzen"", ""kann"", ""dem"", ""Wortzeichen"", ""NeuroMatrix"", ""die"", ""notwendige"", ""Unterscheidungskraft"", ""im"", ""Sinne"", ""des"", ""§"", ""8"", ""Abs."", ""2"", ""Nr."", ""1"", ""MarkenG"", ""nicht"", ""abgesprochen"", ""werden"", ""."" ]","[ 38, 38, 38, 38, 38, 38, 38, 38, 38, 38, 38, 38, 38, 38, 3, 22, 22, 22, 22, 22, 22, 38, 38, 38, 38 ]","[ 14, 14, 14, 14, 14, 14, 14, 14, 14, 14, 14, 14, 14, 14, 2, 9, 9, 9, 9, 9, 9, 14, 14, 14, 14 ]"
"""96""","[ ""Quentin"" ]",[ 11 ],[ 4 ]
"""97""","[ ""Die"", ""nukleare"", ""Teilhabe"", ""im"", ""Sinne"", ""der"", ""\"""", ""Konzeptionellen"", ""Leitlinien"", ""zur"", ""Weiterentwicklung"", ""der"", ""Bundeswehr"", ""\"""", ""vom"", ""12."", ""Juli"", ""1994"", ""würde"", ""aber"", ""konkret"", ""durch"", ""die"", ""Piloten"", ""des"", ""Jagdbombergeschwaders"", ""33"", ""ausgeübt"", ""."" ]","[ 38, 38, 38, 38, 38, 38, 38, 38, 38, 38, 38, 38, 4, 38, 38, 38, 38, 38, 38, 38, 38, 38, 38, 38, 38, 38, 38, 38, 38 ]","[ 14, 14, 14, 14, 14, 14, 14, 14, 14, 14, 14, 14, 3, 14, 14, 14, 14, 14, 14, 14, 14, 14, 14, 14, 14, 14, 14, 14, 14 ]"
"""98""","[ ""Denn"", ""diese"", ""Fälle"", ""sind"", ""dadurch"", ""gekennzeichnet"", "","", ""dass"", ""dem"", ""Nutzungsberechtigten"", ""der"", ""Wert"", ""der"", ""Einbauten"", ""bzw."", ""Gebäude"", ""zu"", ""jedem"", ""gedachten"", ""Zeitpunkt"", ""des"", ""Nutzungsverhältnisses"", ""aufgrund"", ""eines"", ""zivilrechtlichen"", ""Anspruchs"", ""zusteht"", ""."" ]","[ 38, 38, 38, 38, 38, 38, 38, 38, 38, 38, 38, 38, 38, 38, 38, 38, 38, 38, 38, 38, 38, 38, 38, 38, 38, 38, 38, 38 ]","[ 14, 14, 14, 14, 14, 14, 14, 14, 14, 14, 14, 14, 14, 14, 14, 14, 14, 14, 14, 14, 14, 14, 14, 14, 14, 14, 14, 14 ]"
"""99""","[ ""Auch"", ""aus"", ""dem"", ""von"", ""der"", ""Klägerin"", ""in"", ""der"", ""mündlichen"", ""Verhandlung"", ""übergebenen"", ""Antwortschreiben"", ""der"", ""Europäischen"", ""Kommission"", ""vom"", ""11."", ""Dezember"", ""2007"", ""an"", ""den"", ""Bundesminister"", ""des"", ""Auswärtigen"", ""vermag"", ""der"", ""Senat"", ""keine"", ""europarechtlichen"", ""Vorgaben"", ""zu"", ""entnehmen"", "","", ""die"", ""für"", ""eine"", ""Zeitpunktbetrachtung"", ""des"", ""in"", ""§"", ""2"", ""Abs."", ""7"", ""Satz"", ""1"", ""InvZulG"", ""2005"", ""verwendeten"", ""KMU-Erfordernisses"", ""sprechen"", ""."" ]","[ 38, 38, 38, 38, 38, 38, 38, 38, 38, 38, 38, 38, 38, 4, 23, 38, 38, 38, 38, 38, 38, 4, 23, 23, 38, 38, 38, 38, 38, 38, 38, 38, 38, 38, 38, 38, 38, 38, 38, 3, 22, 22, 22, 22, 22, 22, 22, 38, 38, 38, 38 ]","[ 14, 14, 14, 14, 14, 14, 14, 14, 14, 14, 14, 14, 14, 3, 10, 14, 14, 14, 14, 14, 14, 3, 10, 10, 14, 14, 14, 14, 14, 14, 14, 14, 14, 14, 14, 14, 14, 14, 14, 2, 9, 9, 9, 9, 9, 9, 9, 14, 14, 14, 14 ]"
